pk,domain,contributor,pdflink,citation,more_information
1,Noun Phrase (NP),Olga Krasnoukhova,,"Olga Krasnoukhova. 2014. Noun Phrase (NP). In Muysken, Pieter et al. (eds.) South American Indian Language Structures (SAILS) Online. Leipzig: Online Max Planck Institute of Evolutionary Anthropology. (Available at http://sails.clld.org)","Krasnoukhova, Olga. 2013. The Noun Phrase in the Languages of South America. Radboud Universiteit Nijmegen Doctoral Dissertation."
2,Argument Marking (ARGEX),Joshua Birchall,,"Joshua Birchall. 2014. Argument Marking (ARGEX). In Muysken, Pieter et al. (eds.) South American Indian Language Structures (SAILS) Online. Leipzig: Online Max Planck Institute of Evolutionary Anthropology. (Available at http://sails.clld.org)","Birchall, Joshua. 2014. Argument marking patterns in South American languages. Radboud Universiteit Nijmegen Doctoral Dissertation."
3,Isthmo-Columbian data (IC),Loretta O'Connor,,"Loretta O'Connor. 2014. Isthmo-Columbian data (IC). In Muysken, Pieter et al. (eds.) South American Indian Language Structures (SAILS) Online. Leipzig: Online Max Planck Institute of Evolutionary Anthropology. (Available at http://sails.clld.org)","Constenla Umaña, Adolfo. (1991) Las lenguas del área intermedia: introducción a su estudio areal. San José: Universidad de Costa Rica."
4,Tense-Aspect-Mood-Evidentiality (TAME),Neele Müller,,"Neele Müller. 2014. Tense-Aspect-Mood-Evidentiality (TAME). In Muysken, Pieter et al. (eds.) South American Indian Language Structures (SAILS) Online. Leipzig: Online Max Planck Institute of Evolutionary Anthropology. (Available at http://sails.clld.org)","Müller, Neele J. 2013. Tense, Aspect, Modality, and Evidentiality Marking in South American Indigenous Languages. Radboud Universiteit Nijmegen Doctoral Dissertation."
5,Andean data (AND),Simon van de Kerke,,"Simon van de Kerke. 2014. Andean data (AND). In Muysken, Pieter et al. (eds.) South American Indian Language Structures (SAILS) Online. Leipzig: Online Max Planck Institute of Evolutionary Anthropology. (Available at http://sails.clld.org)","van de Kerke, Simon & Pieter Muysken. (2014) The Andean Matrix. In Pieter Muysken & Loretta O'Connor (eds.), The Native Languages of South America: Origins, Development, Typology, 126-151. Cambridge: Cambridge University Press."
6,Foothills Language data (FFQ),Rik van Gijn,,"Rik van Gijn. 2014. Foothills Language data (FFQ). In Muysken, Pieter et al. (eds.) South American Indian Language Structures (SAILS) Online. Leipzig: Online Max Planck Institute of Evolutionary Anthropology. (Available at http://sails.clld.org)","van Gijn, Rik. (2014) The Andean foothills and the adjacent Amazonian fringe. In Pieter Muysken & Loretta O'Connor (eds.), The Native Languages of South America: Origins, Development, Typology, 102-125. Cambridge: Cambridge University Press."
7,Arawakan data (ARW),Swintha Danielsen,,"Swintha Danielsen. 2014. Arawakan data (ARW). In Muysken, Pieter et al. (eds.) South American Indian Language Structures (SAILS) Online. Leipzig: Online Max Planck Institute of Evolutionary Anthropology. (Available at http://sails.clld.org)","Danielsen, Swintha, Michael Dunn & Pieter Muysken. (2012) The Spread of the Arawakan Languages: A View from Structural Phylogenetics. In Jonathan David Hill & Alf Hornborg (eds.), Ethnicity in Ancient Amazonia: Reconstructing Past Identities from Archaeology, Linguistics, and Ethnohistory, 173-196. Boulder, CO: University Press of Colorado."
