{"dc:identifier": "2e4cd688cfee", "url": "feature.csv-metadata.json", "dc:license": {"schema:name": "http://creativecommons.org/licenses/by-nc-nd/2.0/de/deed.en"}, "dc:publisher": {"schema:name": "Max Planck Institute for Evolutionary Anthropology", "schema:url": {"@id": "http://www.eva.mpg.de"}}, "@context": ["http://www.w3.org/ns/csvw", {"@language": "en"}], "tableSchema": {"primaryKey": "pk", "columns": [{"datatype": {"@id": "http://www.w3.org/2001/XMLSchema#int"}, "name": "pk"}, {"datatype": {"@id": "http://www.w3.org/2001/XMLSchema#string"}, "name": "vdoc"}, {"datatype": {"@id": "http://www.w3.org/2001/XMLSchema#int"}, "name": "representation"}, {"datatype": {"@id": "http://www.w3.org/2001/XMLSchema#int"}, "name": "featuredomain_pk"}, {"datatype": {"@id": "http://www.w3.org/2001/XMLSchema#int"}, "name": "designer_pk"}, {"datatype": {"@id": "http://www.w3.org/2001/XMLSchema#string"}, "name": "dependson"}, {"datatype": {"@id": "http://www.w3.org/2001/XMLSchema#string"}, "name": "sortkey_str"}, {"datatype": {"@id": "http://www.w3.org/2001/XMLSchema#int"}, "name": "sortkey_int"}], "foreignKeys": [{"columnReference": "pk", "reference": {"columnReference": "pk", "resource": "parameter"}}, {"columnReference": "featuredomain_pk", "reference": {"columnReference": "pk", "resource": "featuredomain"}}, {"columnReference": "designer_pk", "reference": {"columnReference": "pk", "resource": "designer"}}]}}