pk,jsondata,id,name,description,markup_description,updated,active,created,version
1,{},npnominaltam,NP-Nominal TAM,,,2013-12-12T01:00:00+01:00,True,2013-11-15T01:00:00+01:00,1
2,{},npindefinitepronouns,NP-Indefinite pronouns,,,2013-12-12T01:00:00+01:00,True,2013-11-15T01:00:00+01:00,1
3,{},icstablecontent,IC-stable-content,,,2013-12-12T01:00:00+01:00,True,2013-11-15T01:00:00+01:00,1
4,{},npwordordernounphrase,NP-Word order (Noun Phrase),,,2013-12-12T01:00:00+01:00,True,2013-11-15T01:00:00+01:00,1
5,{},icstabletemplate,IC-stable-template,,,2013-12-12T01:00:00+01:00,True,2013-11-15T01:00:00+01:00,1
6,{},icunstablecontent,IC-unstable-content,,,2013-12-12T01:00:00+01:00,True,2013-11-15T01:00:00+01:00,1
7,{},npadpositions,NP-Adpositions,,,2013-12-12T01:00:00+01:00,True,2013-11-15T01:00:00+01:00,1
8,{},npnominalization,NP-Nominalization,,,2013-12-12T01:00:00+01:00,True,2013-11-15T01:00:00+01:00,1
9,{},foothillsspecial,Foothills-special,,,2013-12-12T01:00:00+01:00,True,2013-11-15T01:00:00+01:00,1
10,{},argumentmarking,Argument Marking,,,2013-12-12T01:00:00+01:00,True,2013-11-15T01:00:00+01:00,1
11,{},npattributivepossession,NP-Attributive possession,,,2013-12-12T01:00:00+01:00,True,2013-11-15T01:00:00+01:00,1
12,{},tenseaspectmoodevidentiality,Tense-Aspect-Mood-Evidentiality,,,2013-12-12T01:00:00+01:00,True,2013-11-15T01:00:00+01:00,1
13,{},npgrammaticalexpressionofquantitymarkedonthenoun,NP-Grammatical expression of quantity (marked on the noun),,,2013-12-12T01:00:00+01:00,True,2013-11-15T01:00:00+01:00,1
14,{},npcopula,NP-Copula,,,2013-12-12T01:00:00+01:00,True,2013-11-15T01:00:00+01:00,1
15,{},npwordordermainclause,NP-Word order (main clause),,,2013-12-12T01:00:00+01:00,True,2013-11-15T01:00:00+01:00,1
16,{},nparticlesdemonstratives,"NP-Articles, demonstratives",,,2013-12-12T01:00:00+01:00,True,2013-11-15T01:00:00+01:00,1
17,{},arawakanspecific,Arawakan-specific,,,2013-12-12T01:00:00+01:00,True,2013-11-15T01:00:00+01:00,1
18,{},npnumerals,NP-Numerals,,,2013-12-12T01:00:00+01:00,True,2013-11-15T01:00:00+01:00,1
19,{},npnouncategorizationdevice,NP-Noun categorization device,,,2013-12-12T01:00:00+01:00,True,2013-11-15T01:00:00+01:00,1
20,{},icunstabletemplate,IC-unstable-template,,,2013-12-12T01:00:00+01:00,True,2013-11-15T01:00:00+01:00,1
21,{},npagreementwithinthenp,NP-Agreement within the NP,,,2013-12-12T01:00:00+01:00,True,2013-11-15T01:00:00+01:00,1
22,{},npfreepersonalpronouns,NP-Free personal pronouns,,,2013-12-12T01:00:00+01:00,True,2013-11-15T01:00:00+01:00,1
23,{},andeanspecific,Andean-specific,,,2013-12-12T01:00:00+01:00,True,2013-11-15T01:00:00+01:00,1
24,{},npadjectivespropertywords,NP-Adjectives/property words,,,2013-12-12T01:00:00+01:00,True,2013-11-15T01:00:00+01:00,1
