pk,created,updated,active,jsondata,id,name,description,markup_description,version
1,2013-11-15T01:00:00+01:00,2013-12-12T01:00:00+01:00,True,,npnominaltam,NP-Nominal TAM,,,1
2,2013-11-15T01:00:00+01:00,2013-12-12T01:00:00+01:00,True,,npindefinitepronouns,NP-Indefinite pronouns,,,1
3,2013-11-15T01:00:00+01:00,2013-12-12T01:00:00+01:00,True,,icstablecontent,IC-stable-content,,,1
4,2013-11-15T01:00:00+01:00,2013-12-12T01:00:00+01:00,True,,npwordordernounphrase,NP-Word order (Noun Phrase),,,1
5,2013-11-15T01:00:00+01:00,2013-12-12T01:00:00+01:00,True,,icstabletemplate,IC-stable-template,,,1
6,2013-11-15T01:00:00+01:00,2013-12-12T01:00:00+01:00,True,,icunstablecontent,IC-unstable-content,,,1
7,2013-11-15T01:00:00+01:00,2013-12-12T01:00:00+01:00,True,,npadpositions,NP-Adpositions,,,1
8,2013-11-15T01:00:00+01:00,2013-12-12T01:00:00+01:00,True,,npnominalization,NP-Nominalization,,,1
9,2013-11-15T01:00:00+01:00,2013-12-12T01:00:00+01:00,True,,foothillsspecial,Foothills-special,,,1
10,2013-11-15T01:00:00+01:00,2013-12-12T01:00:00+01:00,True,,argumentmarking,Argument Marking,,,1
11,2013-11-15T01:00:00+01:00,2013-12-12T01:00:00+01:00,True,,npattributivepossession,NP-Attributive possession,,,1
12,2013-11-15T01:00:00+01:00,2013-12-12T01:00:00+01:00,True,,tenseaspectmoodevidentiality,Tense-Aspect-Mood-Evidentiality,,,1
13,2013-11-15T01:00:00+01:00,2013-12-12T01:00:00+01:00,True,,npgrammaticalexpressionofquantitymarkedonthenoun,NP-Grammatical expression of quantity (marked on the noun),,,1
14,2013-11-15T01:00:00+01:00,2013-12-12T01:00:00+01:00,True,,npcopula,NP-Copula,,,1
15,2013-11-15T01:00:00+01:00,2013-12-12T01:00:00+01:00,True,,npwordordermainclause,NP-Word order (main clause),,,1
16,2013-11-15T01:00:00+01:00,2013-12-12T01:00:00+01:00,True,,nparticlesdemonstratives,"NP-Articles, demonstratives",,,1
17,2013-11-15T01:00:00+01:00,2013-12-12T01:00:00+01:00,True,,arawakanspecific,Arawakan-specific,,,1
18,2013-11-15T01:00:00+01:00,2013-12-12T01:00:00+01:00,True,,npnumerals,NP-Numerals,,,1
19,2013-11-15T01:00:00+01:00,2013-12-12T01:00:00+01:00,True,,npnouncategorizationdevice,NP-Noun categorization device,,,1
20,2013-11-15T01:00:00+01:00,2013-12-12T01:00:00+01:00,True,,icunstabletemplate,IC-unstable-template,,,1
21,2013-11-15T01:00:00+01:00,2013-12-12T01:00:00+01:00,True,,npagreementwithinthenp,NP-Agreement within the NP,,,1
22,2013-11-15T01:00:00+01:00,2013-12-12T01:00:00+01:00,True,,npfreepersonalpronouns,NP-Free personal pronouns,,,1
23,2013-11-15T01:00:00+01:00,2013-12-12T01:00:00+01:00,True,,andeanspecific,Andean-specific,,,1
24,2013-11-15T01:00:00+01:00,2013-12-12T01:00:00+01:00,True,,npadjectivespropertywords,NP-Adjectives/property words,,,1
