pk,jsondata,name,description,markup_description,id,type,lang,updated,active,created,version
1,{},ito,Itonama,,ito,iso639-3,en,2013-12-12T01:00:00+01:00,True,2013-11-15T01:00:00+01:00,1
2,{},iton1250,Itonama,,iton1250,glottolog,en,2013-12-12T01:00:00+01:00,True,2013-11-15T01:00:00+01:00,1
3,{},qvn,North Junín Quechua,,qvn,iso639-3,en,2013-12-12T01:00:00+01:00,True,2013-11-15T01:00:00+01:00,1
4,{},nort2980,North Junín Quechua,,nort2980,glottolog,en,2013-12-12T01:00:00+01:00,True,2013-11-15T01:00:00+01:00,1
5,{},bvv,Baniva,,bvv,iso639-3,en,2013-12-12T01:00:00+01:00,True,2013-11-15T01:00:00+01:00,1
6,{},bani1254,Baniva,,bani1254,glottolog,en,2013-12-12T01:00:00+01:00,True,2013-11-15T01:00:00+01:00,1
7,{},kbc,Kadiwéu,,kbc,iso639-3,en,2013-12-12T01:00:00+01:00,True,2013-11-15T01:00:00+01:00,1
8,{},kadi1248,Kadiwéu,,kadi1248,glottolog,en,2013-12-12T01:00:00+01:00,True,2013-11-15T01:00:00+01:00,1
9,{},qvc,Cajamarca Quechua,,qvc,iso639-3,en,2013-12-12T01:00:00+01:00,True,2013-11-15T01:00:00+01:00,1
10,{},caja1238,Cajamarca Quechua,,caja1238,glottolog,en,2013-12-12T01:00:00+01:00,True,2013-11-15T01:00:00+01:00,1
11,{},qvp,Pacaraos Quechua,,qvp,iso639-3,en,2013-12-12T01:00:00+01:00,True,2013-11-15T01:00:00+01:00,1
12,{},paca1245,Pacaraos Quechua,,paca1245,glottolog,en,2013-12-12T01:00:00+01:00,True,2013-11-15T01:00:00+01:00,1
13,{},qvi,Imbabura Highland Quichua,,qvi,iso639-3,en,2013-12-12T01:00:00+01:00,True,2013-11-15T01:00:00+01:00,1
14,{},imba1240,Imbabura Highland Quichua,,imba1240,glottolog,en,2013-12-12T01:00:00+01:00,True,2013-11-15T01:00:00+01:00,1
15,{},yvt,Yavitero,,yvt,iso639-3,en,2013-12-12T01:00:00+01:00,True,2013-11-15T01:00:00+01:00,1
16,{},yavi1244,Yavitero,,yavi1244,glottolog,en,2013-12-12T01:00:00+01:00,True,2013-11-15T01:00:00+01:00,1
17,{},gta,Guató,,gta,iso639-3,en,2013-12-12T01:00:00+01:00,True,2013-11-15T01:00:00+01:00,1
18,{},guat1253,Guató,,guat1253,glottolog,en,2013-12-12T01:00:00+01:00,True,2013-11-15T01:00:00+01:00,1
19,{},rgr,Resígaro,,rgr,iso639-3,en,2013-12-12T01:00:00+01:00,True,2013-11-15T01:00:00+01:00,1
20,{},resi1247,Resígaro,,resi1247,glottolog,en,2013-12-12T01:00:00+01:00,True,2013-11-15T01:00:00+01:00,1
21,{},jic,Tol,,jic,iso639-3,en,2013-12-12T01:00:00+01:00,True,2013-11-15T01:00:00+01:00,1
22,{},toll1241,Tol,,toll1241,glottolog,en,2013-12-12T01:00:00+01:00,True,2013-11-15T01:00:00+01:00,1
23,{},lkd,Lakondê,,lkd,iso639-3,en,2013-12-12T01:00:00+01:00,True,2013-11-15T01:00:00+01:00,1
24,{},lako1248,Lakondê,,lako1248,glottolog,en,2013-12-12T01:00:00+01:00,True,2013-11-15T01:00:00+01:00,1
25,{},jiv,Shuar,,jiv,iso639-3,en,2013-12-12T01:00:00+01:00,True,2013-11-15T01:00:00+01:00,1
26,{},shua1257,Shuar,,shua1257,glottolog,en,2013-12-12T01:00:00+01:00,True,2013-11-15T01:00:00+01:00,1
27,{},skf,Mekens,,skf,iso639-3,en,2013-12-12T01:00:00+01:00,True,2013-11-15T01:00:00+01:00,1
28,{},saki1248,Mekens,,saki1248,glottolog,en,2013-12-12T01:00:00+01:00,True,2013-11-15T01:00:00+01:00,1
29,{},cub,Cubeo,,cub,iso639-3,en,2013-12-12T01:00:00+01:00,True,2013-11-15T01:00:00+01:00,1
30,{},cube1242,Cubeo,,cube1242,glottolog,en,2013-12-12T01:00:00+01:00,True,2013-11-15T01:00:00+01:00,1
31,{},cuk,San Blas Kuna,,cuk,iso639-3,en,2013-12-12T01:00:00+01:00,True,2013-11-15T01:00:00+01:00,1
32,{},sanb1242,San Blas Kuna,,sanb1242,glottolog,en,2013-12-12T01:00:00+01:00,True,2013-11-15T01:00:00+01:00,1
33,{},cuj,Mashco Piro,,cuj,iso639-3,en,2013-12-12T01:00:00+01:00,True,2013-11-15T01:00:00+01:00,1
34,{},mash1270,Mashco Piro,,mash1270,glottolog,en,2013-12-12T01:00:00+01:00,True,2013-11-15T01:00:00+01:00,1
35,{},jaa,Jamamadí,,jaa,iso639-3,en,2013-12-12T01:00:00+01:00,True,2013-11-15T01:00:00+01:00,1
36,{},jama1261,Jamamadí,,jama1261,glottolog,en,2013-12-12T01:00:00+01:00,True,2013-11-15T01:00:00+01:00,1
37,{},ceg,Chamacoco,,ceg,iso639-3,en,2013-12-12T01:00:00+01:00,True,2013-11-15T01:00:00+01:00,1
38,{},cham1315,Chamacoco,,cham1315,glottolog,en,2013-12-12T01:00:00+01:00,True,2013-11-15T01:00:00+01:00,1
39,{},guc,Wayuu,,guc,iso639-3,en,2013-12-12T01:00:00+01:00,True,2013-11-15T01:00:00+01:00,1
40,{},wayu1243,Wayuu,,wayu1243,glottolog,en,2013-12-12T01:00:00+01:00,True,2013-11-15T01:00:00+01:00,1
41,{},kxo,Kanoê,,kxo,iso639-3,en,2013-12-12T01:00:00+01:00,True,2013-11-15T01:00:00+01:00,1
42,{},kano1245,Kanoê,,kano1245,glottolog,en,2013-12-12T01:00:00+01:00,True,2013-11-15T01:00:00+01:00,1
43,{},hix,Hixkaryána,,hix,iso639-3,en,2013-12-12T01:00:00+01:00,True,2013-11-15T01:00:00+01:00,1
44,{},hixk1239,Hixkaryána,,hixk1239,glottolog,en,2013-12-12T01:00:00+01:00,True,2013-11-15T01:00:00+01:00,1
45,{},ame,Yanesha',,ame,iso639-3,en,2013-12-12T01:00:00+01:00,True,2013-11-15T01:00:00+01:00,1
46,{},yane1238,Yanesha',,yane1238,glottolog,en,2013-12-12T01:00:00+01:00,True,2013-11-15T01:00:00+01:00,1
47,{},wba,Warao,,wba,iso639-3,en,2013-12-12T01:00:00+01:00,True,2013-11-15T01:00:00+01:00,1
48,{},wara1303,Warao,,wara1303,glottolog,en,2013-12-12T01:00:00+01:00,True,2013-11-15T01:00:00+01:00,1
49,{},not,Nomatsiguenga,,not,iso639-3,en,2013-12-12T01:00:00+01:00,True,2013-11-15T01:00:00+01:00,1
50,{},noma1263,Nomatsiguenga,,noma1263,glottolog,en,2013-12-12T01:00:00+01:00,True,2013-11-15T01:00:00+01:00,1
51,{},amr,Amarakaeri,,amr,iso639-3,en,2013-12-12T01:00:00+01:00,True,2013-11-15T01:00:00+01:00,1
52,{},amar1274,Amarakaeri,,amar1274,glottolog,en,2013-12-12T01:00:00+01:00,True,2013-11-15T01:00:00+01:00,1
53,{},jqr,Jaqaru,,jqr,iso639-3,en,2013-12-12T01:00:00+01:00,True,2013-11-15T01:00:00+01:00,1
54,{},jaqa1244,Jaqaru,,jaqa1244,glottolog,en,2013-12-12T01:00:00+01:00,True,2013-11-15T01:00:00+01:00,1
55,{},eme,Emerillon,,eme,iso639-3,en,2013-12-12T01:00:00+01:00,True,2013-11-15T01:00:00+01:00,1
56,{},emer1243,Emerillon,,emer1243,glottolog,en,2013-12-12T01:00:00+01:00,True,2013-11-15T01:00:00+01:00,1
57,{},myu,Mundurukú,,myu,iso639-3,en,2013-12-12T01:00:00+01:00,True,2013-11-15T01:00:00+01:00,1
58,{},mund1330,Mundurukú,,mund1330,glottolog,en,2013-12-12T01:00:00+01:00,True,2013-11-15T01:00:00+01:00,1
59,{},qxl,Salasaca Highland Quichua,,qxl,iso639-3,en,2013-12-12T01:00:00+01:00,True,2013-11-15T01:00:00+01:00,1
60,{},sala1272,Salasaca Highland Quichua,,sala1272,glottolog,en,2013-12-12T01:00:00+01:00,True,2013-11-15T01:00:00+01:00,1
61,{},crb,Island Carib,,crb,iso639-3,en,2013-12-12T01:00:00+01:00,True,2013-11-15T01:00:00+01:00,1
62,{},isla1278,Island Carib,,isla1278,glottolog,en,2013-12-12T01:00:00+01:00,True,2013-11-15T01:00:00+01:00,1
63,{},iqu,Iquito,,iqu,iso639-3,en,2013-12-12T01:00:00+01:00,True,2013-11-15T01:00:00+01:00,1
64,{},iqui1243,Iquito,,iqui1243,glottolog,en,2013-12-12T01:00:00+01:00,True,2013-11-15T01:00:00+01:00,1
65,{},shb,Ninam,,shb,iso639-3,en,2013-12-12T01:00:00+01:00,True,2013-11-15T01:00:00+01:00,1
66,{},nina1238,Ninam,,nina1238,glottolog,en,2013-12-12T01:00:00+01:00,True,2013-11-15T01:00:00+01:00,1
67,{},bae,Baré,,bae,iso639-3,en,2013-12-12T01:00:00+01:00,True,2013-11-15T01:00:00+01:00,1
68,{},bare1276,Baré,,bare1276,glottolog,en,2013-12-12T01:00:00+01:00,True,2013-11-15T01:00:00+01:00,1
69,{},emp,Northern Emberá,,emp,iso639-3,en,2013-12-12T01:00:00+01:00,True,2013-11-15T01:00:00+01:00,1
70,{},nort2972,Northern Emberá,,nort2972,glottolog,en,2013-12-12T01:00:00+01:00,True,2013-11-15T01:00:00+01:00,1
71,{},pbb,Páez,,pbb,iso639-3,en,2013-12-12T01:00:00+01:00,True,2013-11-15T01:00:00+01:00,1
72,{},paez1247,Páez,,paez1247,glottolog,en,2013-12-12T01:00:00+01:00,True,2013-11-15T01:00:00+01:00,1
73,{},trr,Taushiro,,trr,iso639-3,en,2013-12-12T01:00:00+01:00,True,2013-11-15T01:00:00+01:00,1
74,{},taus1253,Taushiro,,taus1253,glottolog,en,2013-12-12T01:00:00+01:00,True,2013-11-15T01:00:00+01:00,1
75,{},pbh,Panare,,pbh,iso639-3,en,2013-12-12T01:00:00+01:00,True,2013-11-15T01:00:00+01:00,1
76,{},enap1235,Panare,,enap1235,glottolog,en,2013-12-12T01:00:00+01:00,True,2013-11-15T01:00:00+01:00,1
77,{},teh,Tehuelche,,teh,iso639-3,en,2013-12-12T01:00:00+01:00,True,2013-11-15T01:00:00+01:00,1
78,{},tehu1242,Tehuelche,,tehu1242,glottolog,en,2013-12-12T01:00:00+01:00,True,2013-11-15T01:00:00+01:00,1
79,{},arr,Karo (Brazil),,arr,iso639-3,en,2013-12-12T01:00:00+01:00,True,2013-11-15T01:00:00+01:00,1
80,{},karo1305,Karo (Brazil),,karo1305,glottolog,en,2013-12-12T01:00:00+01:00,True,2013-11-15T01:00:00+01:00,1
81,{},cap,Chipaya,,cap,iso639-3,en,2013-12-12T01:00:00+01:00,True,2013-11-15T01:00:00+01:00,1
82,{},chip1262,Chipaya,,chip1262,glottolog,en,2013-12-12T01:00:00+01:00,True,2013-11-15T01:00:00+01:00,1
83,{},arw,Lokono,,arw,iso639-3,en,2013-12-12T01:00:00+01:00,True,2013-11-15T01:00:00+01:00,1
84,{},araw1276,Lokono,,araw1276,glottolog,en,2013-12-12T01:00:00+01:00,True,2013-11-15T01:00:00+01:00,1
85,{},qus,Santiago del Estero Quichua,,qus,iso639-3,en,2013-12-12T01:00:00+01:00,True,2013-11-15T01:00:00+01:00,1
86,{},sant1432,Santiago del Estero Quichua,,sant1432,glottolog,en,2013-12-12T01:00:00+01:00,True,2013-11-15T01:00:00+01:00,1
87,{},sey,Secoya,,sey,iso639-3,en,2013-12-12T01:00:00+01:00,True,2013-11-15T01:00:00+01:00,1
88,{},seco1241,Secoya,,seco1241,glottolog,en,2013-12-12T01:00:00+01:00,True,2013-11-15T01:00:00+01:00,1
89,{},rma,Rama,,rma,iso639-3,en,2013-12-12T01:00:00+01:00,True,2013-11-15T01:00:00+01:00,1
90,{},rama1270,Rama,,rama1270,glottolog,en,2013-12-12T01:00:00+01:00,True,2013-11-15T01:00:00+01:00,1
91,{},arh,Arhuaco,,arh,iso639-3,en,2013-12-12T01:00:00+01:00,True,2013-11-15T01:00:00+01:00,1
92,{},arhu1242,Arhuaco,,arhu1242,glottolog,en,2013-12-12T01:00:00+01:00,True,2013-11-15T01:00:00+01:00,1
93,{},ter,Tereno,,ter,iso639-3,en,2013-12-12T01:00:00+01:00,True,2013-11-15T01:00:00+01:00,1
94,{},tere1279,Tereno,,tere1279,glottolog,en,2013-12-12T01:00:00+01:00,True,2013-11-15T01:00:00+01:00,1
95,{},arl,Arabela,,arl,iso639-3,en,2013-12-12T01:00:00+01:00,True,2013-11-15T01:00:00+01:00,1
96,{},arab1268,Arabela,,arab1268,glottolog,en,2013-12-12T01:00:00+01:00,True,2013-11-15T01:00:00+01:00,1
97,{},arn,Mapudungun,,arn,iso639-3,en,2013-12-12T01:00:00+01:00,True,2013-11-15T01:00:00+01:00,1
98,{},mapu1245,Mapudungun,,mapu1245,glottolog,en,2013-12-12T01:00:00+01:00,True,2013-11-15T01:00:00+01:00,1
99,{},rey,Reyesano,,rey,iso639-3,en,2013-12-12T01:00:00+01:00,True,2013-11-15T01:00:00+01:00,1
100,{},reye1240,Reyesano,,reye1240,glottolog,en,2013-12-12T01:00:00+01:00,True,2013-11-15T01:00:00+01:00,1
101,{},gvo,Gavião Do Jiparaná,,gvo,iso639-3,en,2013-12-12T01:00:00+01:00,True,2013-11-15T01:00:00+01:00,1
102,{},gavi1246,Gavião Do Jiparaná,,gavi1246,glottolog,en,2013-12-12T01:00:00+01:00,True,2013-11-15T01:00:00+01:00,1
103,{},quy,Ayacucho Quechua,,quy,iso639-3,en,2013-12-12T01:00:00+01:00,True,2013-11-15T01:00:00+01:00,1
104,{},ayac1239,Ayacucho Quechua,,ayac1239,glottolog,en,2013-12-12T01:00:00+01:00,True,2013-11-15T01:00:00+01:00,1
105,{},ese,Ese Ejja,,ese,iso639-3,en,2013-12-12T01:00:00+01:00,True,2013-11-15T01:00:00+01:00,1
106,{},esee1248,Ese Ejja,,esee1248,glottolog,en,2013-12-12T01:00:00+01:00,True,2013-11-15T01:00:00+01:00,1
107,{},kpc,Curripaco,,kpc,iso639-3,en,2013-12-12T01:00:00+01:00,True,2013-11-15T01:00:00+01:00,1
108,{},curr1243,Curripaco,,curr1243,glottolog,en,2013-12-12T01:00:00+01:00,True,2013-11-15T01:00:00+01:00,1
109,{},ycn,Yucuna,,ycn,iso639-3,en,2013-12-12T01:00:00+01:00,True,2013-11-15T01:00:00+01:00,1
110,{},yucu1253,Yucuna,,yucu1253,glottolog,en,2013-12-12T01:00:00+01:00,True,2013-11-15T01:00:00+01:00,1
111,{},qux,Huangascar-Topara-Yauyos Quechua,,qux,iso639-3,en,2013-12-12T01:00:00+01:00,True,2013-11-15T01:00:00+01:00,1
112,{},yauy1235,Huangascar-Topara-Yauyos Quechua,,yauy1235,glottolog,en,2013-12-12T01:00:00+01:00,True,2013-11-15T01:00:00+01:00,1
113,{},zro,Záparo,,zro,iso639-3,en,2013-12-12T01:00:00+01:00,True,2013-11-15T01:00:00+01:00,1
114,{},zapa1253,Záparo,,zapa1253,glottolog,en,2013-12-12T01:00:00+01:00,True,2013-11-15T01:00:00+01:00,1
115,{},qvs,San Martín Quechua,,qvs,iso639-3,en,2013-12-12T01:00:00+01:00,True,2013-11-15T01:00:00+01:00,1
116,{},sanm1289,San Martín Quechua,,sanm1289,glottolog,en,2013-12-12T01:00:00+01:00,True,2013-11-15T01:00:00+01:00,1
117,{},cni,Asháninka,,cni,iso639-3,en,2013-12-12T01:00:00+01:00,True,2013-11-15T01:00:00+01:00,1
118,{},asha1243,Asháninka,,asha1243,glottolog,en,2013-12-12T01:00:00+01:00,True,2013-11-15T01:00:00+01:00,1
119,{},omc,Mochica,,omc,iso639-3,en,2013-12-12T01:00:00+01:00,True,2013-11-15T01:00:00+01:00,1
120,{},moch1259,Mochica,,moch1259,glottolog,en,2013-12-12T01:00:00+01:00,True,2013-11-15T01:00:00+01:00,1
121,{},qup,Southern Pastaza Quechua,,qup,iso639-3,en,2013-12-12T01:00:00+01:00,True,2013-11-15T01:00:00+01:00,1
122,{},sout2990,Southern Pastaza Quechua,,sout2990,glottolog,en,2013-12-12T01:00:00+01:00,True,2013-11-15T01:00:00+01:00,1
123,{},plu,Palikúr,,plu,iso639-3,en,2013-12-12T01:00:00+01:00,True,2013-11-15T01:00:00+01:00,1
124,{},pali1279,Palikúr,,pali1279,glottolog,en,2013-12-12T01:00:00+01:00,True,2013-11-15T01:00:00+01:00,1
125,{},lec,Leco,,lec,iso639-3,en,2013-12-12T01:00:00+01:00,True,2013-11-15T01:00:00+01:00,1
126,{},leco1242,Leco,,leco1242,glottolog,en,2013-12-12T01:00:00+01:00,True,2013-11-15T01:00:00+01:00,1
127,{},pui,Puinave,,pui,iso639-3,en,2013-12-12T01:00:00+01:00,True,2013-11-15T01:00:00+01:00,1
128,{},puin1248,Puinave,,puin1248,glottolog,en,2013-12-12T01:00:00+01:00,True,2013-11-15T01:00:00+01:00,1
129,{},quw,Tena Lowland Quichua,,quw,iso639-3,en,2013-12-12T01:00:00+01:00,True,2013-11-15T01:00:00+01:00,1
130,{},tena1240,Tena Lowland Quichua,,tena1240,glottolog,en,2013-12-12T01:00:00+01:00,True,2013-11-15T01:00:00+01:00,1
131,{},moc,Mocoví,,moc,iso639-3,en,2013-12-12T01:00:00+01:00,True,2013-11-15T01:00:00+01:00,1
132,{},moco1246,Mocoví,,moco1246,glottolog,en,2013-12-12T01:00:00+01:00,True,2013-11-15T01:00:00+01:00,1
133,{},pue,Puelche,,pue,iso639-3,en,2013-12-12T01:00:00+01:00,True,2013-11-15T01:00:00+01:00,1
134,{},puel1244,Puelche,,puel1244,glottolog,en,2013-12-12T01:00:00+01:00,True,2013-11-15T01:00:00+01:00,1
135,{},tur,Turkish,,tur,iso639-3,en,2013-12-12T01:00:00+01:00,True,2013-11-15T01:00:00+01:00,1
136,{},nucl1301,Turkish,,nucl1301,glottolog,en,2013-12-12T01:00:00+01:00,True,2013-11-15T01:00:00+01:00,1
137,{},quz,Cusco Quechua,,quz,iso639-3,en,2013-12-12T01:00:00+01:00,True,2013-11-15T01:00:00+01:00,1
138,{},cusc1236,Cusco Quechua,,cusc1236,glottolog,en,2013-12-12T01:00:00+01:00,True,2013-11-15T01:00:00+01:00,1
139,{},auc,Waorani,,auc,iso639-3,en,2013-12-12T01:00:00+01:00,True,2013-11-15T01:00:00+01:00,1
140,{},waor1240,Waorani,,waor1240,glottolog,en,2013-12-12T01:00:00+01:00,True,2013-11-15T01:00:00+01:00,1
141,{},plg,Pilagá,,plg,iso639-3,en,2013-12-12T01:00:00+01:00,True,2013-11-15T01:00:00+01:00,1
142,{},pila1245,Pilagá,,pila1245,glottolog,en,2013-12-12T01:00:00+01:00,True,2013-11-15T01:00:00+01:00,1
143,{},qub,Huallaga Huánuco Quechua,,qub,iso639-3,en,2013-12-12T01:00:00+01:00,True,2013-11-15T01:00:00+01:00,1
144,{},hual1241,Huallaga Huánuco Quechua,,hual1241,glottolog,en,2013-12-12T01:00:00+01:00,True,2013-11-15T01:00:00+01:00,1
145,{},mmh,Mehináku,,mmh,iso639-3,en,2013-12-12T01:00:00+01:00,True,2013-11-15T01:00:00+01:00,1
146,{},mehi1240,Mehináku,,mehi1240,glottolog,en,2013-12-12T01:00:00+01:00,True,2013-11-15T01:00:00+01:00,1
147,{},quh,South Bolivian Quechua,,quh,iso639-3,en,2013-12-12T01:00:00+01:00,True,2013-11-15T01:00:00+01:00,1
148,{},sout2991,South Bolivian Quechua,,sout2991,glottolog,en,2013-12-12T01:00:00+01:00,True,2013-11-15T01:00:00+01:00,1
149,{},aca,Achagua,,aca,iso639-3,en,2013-12-12T01:00:00+01:00,True,2013-11-15T01:00:00+01:00,1
150,{},acha1250,Achagua,,acha1250,glottolog,en,2013-12-12T01:00:00+01:00,True,2013-11-15T01:00:00+01:00,1
151,{},yuz,Yuracaré,,yuz,iso639-3,en,2013-12-12T01:00:00+01:00,True,2013-11-15T01:00:00+01:00,1
152,{},yura1255,Yuracaré,,yura1255,glottolog,en,2013-12-12T01:00:00+01:00,True,2013-11-15T01:00:00+01:00,1
153,{},yuq,Yuqui,,yuq,iso639-3,en,2013-12-12T01:00:00+01:00,True,2013-11-15T01:00:00+01:00,1
154,{},yuqu1240,Yuqui,,yuqu1240,glottolog,en,2013-12-12T01:00:00+01:00,True,2013-11-15T01:00:00+01:00,1
155,{},cox,Nanti,,cox,iso639-3,en,2013-12-12T01:00:00+01:00,True,2013-11-15T01:00:00+01:00,1
156,{},nant1250,Nanti,,nant1250,glottolog,en,2013-12-12T01:00:00+01:00,True,2013-11-15T01:00:00+01:00,1
157,{},bor,Bororo,,bor,iso639-3,en,2013-12-12T01:00:00+01:00,True,2013-11-15T01:00:00+01:00,1
158,{},boro1282,Bororo,,boro1282,glottolog,en,2013-12-12T01:00:00+01:00,True,2013-11-15T01:00:00+01:00,1
159,{},qxw,Jauja Wanca Quechua,,qxw,iso639-3,en,2013-12-12T01:00:00+01:00,True,2013-11-15T01:00:00+01:00,1
160,{},jauj1238,Jauja Wanca Quechua,,jauj1238,glottolog,en,2013-12-12T01:00:00+01:00,True,2013-11-15T01:00:00+01:00,1
161,{},tri,Trió,,tri,iso639-3,en,2013-12-12T01:00:00+01:00,True,2013-11-15T01:00:00+01:00,1
162,{},trio1238,Trió,,trio1238,glottolog,en,2013-12-12T01:00:00+01:00,True,2013-11-15T01:00:00+01:00,1
163,{},cod,Cocama-Cocamilla,,cod,iso639-3,en,2013-12-12T01:00:00+01:00,True,2013-11-15T01:00:00+01:00,1
164,{},coca1259,Cocama-Cocamilla,,coca1259,glottolog,en,2013-12-12T01:00:00+01:00,True,2013-11-15T01:00:00+01:00,1
165,{},acu,Achuar-Shiwiar,,acu,iso639-3,en,2013-12-12T01:00:00+01:00,True,2013-11-15T01:00:00+01:00,1
166,{},achu1248,Achuar-Shiwiar,,achu1248,glottolog,en,2013-12-12T01:00:00+01:00,True,2013-11-15T01:00:00+01:00,1
167,{},cof,Colorado,,cof,iso639-3,en,2013-12-12T01:00:00+01:00,True,2013-11-15T01:00:00+01:00,1
168,{},colo1256,Colorado,,colo1256,glottolog,en,2013-12-12T01:00:00+01:00,True,2013-11-15T01:00:00+01:00,1
169,{},boa,Bora,,boa,iso639-3,en,2013-12-12T01:00:00+01:00,True,2013-11-15T01:00:00+01:00,1
170,{},bora1263,Bora,,bora1263,glottolog,en,2013-12-12T01:00:00+01:00,True,2013-11-15T01:00:00+01:00,1
171,{},unk,Enawené-Nawé,,unk,iso639-3,en,2013-12-12T01:00:00+01:00,True,2013-11-15T01:00:00+01:00,1
172,{},enaw1238,Enawené-Nawé,,enaw1238,glottolog,en,2013-12-12T01:00:00+01:00,True,2013-11-15T01:00:00+01:00,1
173,{},con,Cofán,,con,iso639-3,en,2013-12-12T01:00:00+01:00,True,2013-11-15T01:00:00+01:00,1
174,{},cofa1242,Cofán,,cofa1242,glottolog,en,2013-12-12T01:00:00+01:00,True,2013-11-15T01:00:00+01:00,1
175,{},kwa,Dâw,,kwa,iso639-3,en,2013-12-12T01:00:00+01:00,True,2013-11-15T01:00:00+01:00,1
176,{},daww1239,Dâw,,daww1239,glottolog,en,2013-12-12T01:00:00+01:00,True,2013-11-15T01:00:00+01:00,1
177,{},apy,Apalaí,,apy,iso639-3,en,2013-12-12T01:00:00+01:00,True,2013-11-15T01:00:00+01:00,1
178,{},apal1257,Apalaí,,apal1257,glottolog,en,2013-12-12T01:00:00+01:00,True,2013-11-15T01:00:00+01:00,1
179,{},txi,Ikpeng,,txi,iso639-3,en,2013-12-12T01:00:00+01:00,True,2013-11-15T01:00:00+01:00,1
180,{},ikpe1245,Ikpeng,,ikpe1245,glottolog,en,2013-12-12T01:00:00+01:00,True,2013-11-15T01:00:00+01:00,1
181,{},kwi,Awa-Cuaiquer,,kwi,iso639-3,en,2013-12-12T01:00:00+01:00,True,2013-11-15T01:00:00+01:00,1
182,{},awac1239,Awa-Cuaiquer,,awac1239,glottolog,en,2013-12-12T01:00:00+01:00,True,2013-11-15T01:00:00+01:00,1
183,{},ona,Ona,,ona,iso639-3,en,2013-12-12T01:00:00+01:00,True,2013-11-15T01:00:00+01:00,1
184,{},onaa1245,Ona,,onaa1245,glottolog,en,2013-12-12T01:00:00+01:00,True,2013-11-15T01:00:00+01:00,1
185,{},apu,Apurinã,,apu,iso639-3,en,2013-12-12T01:00:00+01:00,True,2013-11-15T01:00:00+01:00,1
186,{},apur1254,Apurinã,,apur1254,glottolog,en,2013-12-12T01:00:00+01:00,True,2013-11-15T01:00:00+01:00,1
187,{},xav,Xavánte,,xav,iso639-3,en,2013-12-12T01:00:00+01:00,True,2013-11-15T01:00:00+01:00,1
188,{},xava1240,Xavánte,,xava1240,glottolog,en,2013-12-12T01:00:00+01:00,True,2013-11-15T01:00:00+01:00,1
189,{},rkb,Rikbaktsa,,rkb,iso639-3,en,2013-12-12T01:00:00+01:00,True,2013-11-15T01:00:00+01:00,1
190,{},rikb1245,Rikbaktsa,,rikb1245,glottolog,en,2013-12-12T01:00:00+01:00,True,2013-11-15T01:00:00+01:00,1
191,{},rus,Russian,,rus,iso639-3,en,2013-12-12T01:00:00+01:00,True,2013-11-15T01:00:00+01:00,1
192,{},russ1263,Russian,,russ1263,glottolog,en,2013-12-12T01:00:00+01:00,True,2013-11-15T01:00:00+01:00,1
193,{},brg,Baure,,brg,iso639-3,en,2013-12-12T01:00:00+01:00,True,2013-11-15T01:00:00+01:00,1
194,{},baur1253,Baure,,baur1253,glottolog,en,2013-12-12T01:00:00+01:00,True,2013-11-15T01:00:00+01:00,1
195,{},mbp,Malayo,,mbp,iso639-3,en,2013-12-12T01:00:00+01:00,True,2013-11-15T01:00:00+01:00,1
196,{},mala1522,Malayo,,mala1522,glottolog,en,2013-12-12T01:00:00+01:00,True,2013-11-15T01:00:00+01:00,1
197,{},awe,Awetí,,awe,iso639-3,en,2013-12-12T01:00:00+01:00,True,2013-11-15T01:00:00+01:00,1
198,{},awet1244,Awetí,,awet1244,glottolog,en,2013-12-12T01:00:00+01:00,True,2013-11-15T01:00:00+01:00,1
199,{},ayo,Ayoreo,,ayo,iso639-3,en,2013-12-12T01:00:00+01:00,True,2013-11-15T01:00:00+01:00,1
200,{},ayor1240,Ayoreo,,ayor1240,glottolog,en,2013-12-12T01:00:00+01:00,True,2013-11-15T01:00:00+01:00,1
201,{},yrl,Nhengatu,,yrl,iso639-3,en,2013-12-12T01:00:00+01:00,True,2013-11-15T01:00:00+01:00,1
202,{},nhen1239,Nhengatu,,nhen1239,glottolog,en,2013-12-12T01:00:00+01:00,True,2013-11-15T01:00:00+01:00,1
203,{},shp,Shipibo-Conibo,,shp,iso639-3,en,2013-12-12T01:00:00+01:00,True,2013-11-15T01:00:00+01:00,1
204,{},ship1254,Shipibo-Conibo,,ship1254,glottolog,en,2013-12-12T01:00:00+01:00,True,2013-11-15T01:00:00+01:00,1
205,{},ayc,Southern Aymara,,ayc,iso639-3,en,2013-12-12T01:00:00+01:00,True,2013-11-15T01:00:00+01:00,1
206,{},sout2996,Southern Aymara,,sout2996,glottolog,en,2013-12-12T01:00:00+01:00,True,2013-11-15T01:00:00+01:00,1
207,{},cht,Cholón,,cht,iso639-3,en,2013-12-12T01:00:00+01:00,True,2013-11-15T01:00:00+01:00,1
208,{},chol1284,Cholón,,chol1284,glottolog,en,2013-12-12T01:00:00+01:00,True,2013-11-15T01:00:00+01:00,1
209,{},tob,Toba,,tob,iso639-3,en,2013-12-12T01:00:00+01:00,True,2013-11-15T01:00:00+01:00,1
210,{},toba1269,Toba,,toba1269,glottolog,en,2013-12-12T01:00:00+01:00,True,2013-11-15T01:00:00+01:00,1
211,{},wau,Waurá,,wau,iso639-3,en,2013-12-12T01:00:00+01:00,True,2013-11-15T01:00:00+01:00,1
212,{},waur1244,Waurá,,waur1244,glottolog,en,2013-12-12T01:00:00+01:00,True,2013-11-15T01:00:00+01:00,1
213,{},yaa,Yaminahua,,yaa,iso639-3,en,2013-12-12T01:00:00+01:00,True,2013-11-15T01:00:00+01:00,1
214,{},yami1256,Yaminahua,,yami1256,glottolog,en,2013-12-12T01:00:00+01:00,True,2013-11-15T01:00:00+01:00,1
215,{},wap,Wapishana,,wap,iso639-3,en,2013-12-12T01:00:00+01:00,True,2013-11-15T01:00:00+01:00,1
216,{},wapi1253,Wapishana,,wapi1253,glottolog,en,2013-12-12T01:00:00+01:00,True,2013-11-15T01:00:00+01:00,1
217,{},kgp,Kaingang,,kgp,iso639-3,en,2013-12-12T01:00:00+01:00,True,2013-11-15T01:00:00+01:00,1
218,{},kain1272,Kaingang,,kain1272,glottolog,en,2013-12-12T01:00:00+01:00,True,2013-11-15T01:00:00+01:00,1
219,{},ram,Canela,,ram,iso639-3,en,2013-12-12T01:00:00+01:00,True,2013-11-15T01:00:00+01:00,1
220,{},cane1242,Canela,,cane1242,glottolog,en,2013-12-12T01:00:00+01:00,True,2013-11-15T01:00:00+01:00,1
221,{},mcf,Matsés,,mcf,iso639-3,en,2013-12-12T01:00:00+01:00,True,2013-11-15T01:00:00+01:00,1
222,{},mats1244,Matsés,,mats1244,glottolog,en,2013-12-12T01:00:00+01:00,True,2013-11-15T01:00:00+01:00,1
223,{},gym,Ngäbere,,gym,iso639-3,en,2013-12-12T01:00:00+01:00,True,2013-11-15T01:00:00+01:00,1
224,{},ngab1239,Ngäbere,,ngab1239,glottolog,en,2013-12-12T01:00:00+01:00,True,2013-11-15T01:00:00+01:00,1
225,{},mcb,Machiguenga,,mcb,iso639-3,en,2013-12-12T01:00:00+01:00,True,2013-11-15T01:00:00+01:00,1
226,{},mach1267,Machiguenga,,mach1267,glottolog,en,2013-12-12T01:00:00+01:00,True,2013-11-15T01:00:00+01:00,1
227,{},mca,Maca,,mca,iso639-3,en,2013-12-12T01:00:00+01:00,True,2013-11-15T01:00:00+01:00,1
228,{},maca1260,Maca,,maca1260,glottolog,en,2013-12-12T01:00:00+01:00,True,2013-11-15T01:00:00+01:00,1
229,{},jur,Jurúna,,jur,iso639-3,en,2013-12-12T01:00:00+01:00,True,2013-11-15T01:00:00+01:00,1
230,{},juru1256,Jurúna,,juru1256,glottolog,en,2013-12-12T01:00:00+01:00,True,2013-11-15T01:00:00+01:00,1
231,{},jup,Hupdë,,jup,iso639-3,en,2013-12-12T01:00:00+01:00,True,2013-11-15T01:00:00+01:00,1
232,{},hupd1244,Hupdë,,hupd1244,glottolog,en,2013-12-12T01:00:00+01:00,True,2013-11-15T01:00:00+01:00,1
233,{},knm,Katukína-Kanamarí,,knm,iso639-3,en,2013-12-12T01:00:00+01:00,True,2013-11-15T01:00:00+01:00,1
234,{},kana1291,Katukína-Kanamarí,,kana1291,glottolog,en,2013-12-12T01:00:00+01:00,True,2013-11-15T01:00:00+01:00,1
235,{},gae,Guarequena,,gae,iso639-3,en,2013-12-12T01:00:00+01:00,True,2013-11-15T01:00:00+01:00,1
236,{},guar1293,Guarequena,,guar1293,glottolog,en,2013-12-12T01:00:00+01:00,True,2013-11-15T01:00:00+01:00,1
237,{},tfr,Teribe,,tfr,iso639-3,en,2013-12-12T01:00:00+01:00,True,2013-11-15T01:00:00+01:00,1
238,{},teri1250,Teribe,,teri1250,glottolog,en,2013-12-12T01:00:00+01:00,True,2013-11-15T01:00:00+01:00,1
239,{},gqn,Guana (Brazil),,gqn,iso639-3,en,2013-12-12T01:00:00+01:00,True,2013-11-15T01:00:00+01:00,1
240,{},guan1270,Guana (Brazil),,guan1270,glottolog,en,2013-12-12T01:00:00+01:00,True,2013-11-15T01:00:00+01:00,1
241,{},tnq,Taino,,tnq,iso639-3,en,2013-12-12T01:00:00+01:00,True,2013-11-15T01:00:00+01:00,1
242,{},tain1254,Taino,,tain1254,glottolog,en,2013-12-12T01:00:00+01:00,True,2013-11-15T01:00:00+01:00,1
243,{},cas,Mosetén,,cas,iso639-3,en,2013-12-12T01:00:00+01:00,True,2013-11-15T01:00:00+01:00,1
244,{},mose1249,Mosetén,,mose1249,glottolog,en,2013-12-12T01:00:00+01:00,True,2013-11-15T01:00:00+01:00,1
245,{},mtp,Wichí Lhamtés Nocten,,mtp,iso639-3,en,2013-12-12T01:00:00+01:00,True,2013-11-15T01:00:00+01:00,1
246,{},wich1262,Wichí Lhamtés Nocten,,wich1262,glottolog,en,2013-12-12T01:00:00+01:00,True,2013-11-15T01:00:00+01:00,1
247,{},des,Desano,,des,iso639-3,en,2013-12-12T01:00:00+01:00,True,2013-11-15T01:00:00+01:00,1
248,{},desa1247,Desano,,desa1247,glottolog,en,2013-12-12T01:00:00+01:00,True,2013-11-15T01:00:00+01:00,1
249,{},caw,Callawalla,,caw,iso639-3,en,2013-12-12T01:00:00+01:00,True,2013-11-15T01:00:00+01:00,1
250,{},call1235,Callawalla,,call1235,glottolog,en,2013-12-12T01:00:00+01:00,True,2013-11-15T01:00:00+01:00,1
251,{},cav,Cavineña,,cav,iso639-3,en,2013-12-12T01:00:00+01:00,True,2013-11-15T01:00:00+01:00,1
252,{},cavi1250,Cavineña,,cavi1250,glottolog,en,2013-12-12T01:00:00+01:00,True,2013-11-15T01:00:00+01:00,1
253,{},ktn,Karitiâna,,ktn,iso639-3,en,2013-12-12T01:00:00+01:00,True,2013-11-15T01:00:00+01:00,1
254,{},kari1311,Karitiâna,,kari1311,glottolog,en,2013-12-12T01:00:00+01:00,True,2013-11-15T01:00:00+01:00,1
255,{},cab,Garifuna,,cab,iso639-3,en,2013-12-12T01:00:00+01:00,True,2013-11-15T01:00:00+01:00,1
256,{},gari1256,Garifuna,,gari1256,glottolog,en,2013-12-12T01:00:00+01:00,True,2013-11-15T01:00:00+01:00,1
257,{},ayr,Central Aymara,,ayr,iso639-3,en,2013-12-12T01:00:00+01:00,True,2013-11-15T01:00:00+01:00,1
258,{},cent2142,Central Aymara,,cent2142,glottolog,en,2013-12-12T01:00:00+01:00,True,2013-11-15T01:00:00+01:00,1
259,{},xwa,Kwaza,,xwa,iso639-3,en,2013-12-12T01:00:00+01:00,True,2013-11-15T01:00:00+01:00,1
260,{},kwaz1243,Kwaza,,kwaz1243,glottolog,en,2013-12-12T01:00:00+01:00,True,2013-11-15T01:00:00+01:00,1
261,{},cbg,Chimila,,cbg,iso639-3,en,2013-12-12T01:00:00+01:00,True,2013-11-15T01:00:00+01:00,1
262,{},chim1309,Chimila,,chim1309,glottolog,en,2013-12-12T01:00:00+01:00,True,2013-11-15T01:00:00+01:00,1
263,{},pio,Piapoco,,pio,iso639-3,en,2013-12-12T01:00:00+01:00,True,2013-11-15T01:00:00+01:00,1
264,{},piap1246,Piapoco,,piap1246,glottolog,en,2013-12-12T01:00:00+01:00,True,2013-11-15T01:00:00+01:00,1
265,{},myr,Muniche,,myr,iso639-3,en,2013-12-12T01:00:00+01:00,True,2013-11-15T01:00:00+01:00,1
266,{},muni1258,Muniche,,muni1258,glottolog,en,2013-12-12T01:00:00+01:00,True,2013-11-15T01:00:00+01:00,1
267,{},inp,Iñapari,,inp,iso639-3,en,2013-12-12T01:00:00+01:00,True,2013-11-15T01:00:00+01:00,1
268,{},inap1243,Iñapari,,inap1243,glottolog,en,2013-12-12T01:00:00+01:00,True,2013-11-15T01:00:00+01:00,1
269,{},sae,Sabanê,,sae,iso639-3,en,2013-12-12T01:00:00+01:00,True,2013-11-15T01:00:00+01:00,1
270,{},saba1268,Sabanê,,saba1268,glottolog,en,2013-12-12T01:00:00+01:00,True,2013-11-15T01:00:00+01:00,1
271,{},cbr,Cashibo-Cacataibo,,cbr,iso639-3,en,2013-12-12T01:00:00+01:00,True,2013-11-15T01:00:00+01:00,1
272,{},cash1251,Cashibo-Cacataibo,,cash1251,glottolog,en,2013-12-12T01:00:00+01:00,True,2013-11-15T01:00:00+01:00,1
273,{},tae,Tariana,,tae,iso639-3,en,2013-12-12T01:00:00+01:00,True,2013-11-15T01:00:00+01:00,1
274,{},tari1256,Tariana,,tari1256,glottolog,en,2013-12-12T01:00:00+01:00,True,2013-11-15T01:00:00+01:00,1
275,{},prq,Ashéninka Perené,,prq,iso639-3,en,2013-12-12T01:00:00+01:00,True,2013-11-15T01:00:00+01:00,1
276,{},ashe1272,Ashéninka Perené,,ashe1272,glottolog,en,2013-12-12T01:00:00+01:00,True,2013-11-15T01:00:00+01:00,1
277,{},cbt,Chayahuita,,cbt,iso639-3,en,2013-12-12T01:00:00+01:00,True,2013-11-15T01:00:00+01:00,1
278,{},chay1248,Chayahuita,,chay1248,glottolog,en,2013-12-12T01:00:00+01:00,True,2013-11-15T01:00:00+01:00,1
279,{},spa,Spanish,,spa,iso639-3,en,2013-12-12T01:00:00+01:00,True,2013-11-15T01:00:00+01:00,1
280,{},stan1288,Spanish,,stan1288,glottolog,en,2013-12-12T01:00:00+01:00,True,2013-11-15T01:00:00+01:00,1
281,{},sar,Saraveca,,sar,iso639-3,en,2013-12-12T01:00:00+01:00,True,2013-11-15T01:00:00+01:00,1
282,{},sara1331,Saraveca,,sara1331,glottolog,en,2013-12-12T01:00:00+01:00,True,2013-11-15T01:00:00+01:00,1
283,{},wmd,Mamaindé,,wmd,iso639-3,en,2013-12-12T01:00:00+01:00,True,2013-11-15T01:00:00+01:00,1
284,{},mama1278,Mamaindé,,mama1278,glottolog,en,2013-12-12T01:00:00+01:00,True,2013-11-15T01:00:00+01:00,1
285,{},inb,Inga,,inb,iso639-3,en,2013-12-12T01:00:00+01:00,True,2013-11-15T01:00:00+01:00,1
286,{},inga1252,Inga,,inga1252,glottolog,en,2013-12-12T01:00:00+01:00,True,2013-11-15T01:00:00+01:00,1
287,{},pap,Papiamento,,pap,iso639-3,en,2013-12-12T01:00:00+01:00,True,2013-11-15T01:00:00+01:00,1
288,{},papi1253,Papiamento,,papi1253,glottolog,en,2013-12-12T01:00:00+01:00,True,2013-11-15T01:00:00+01:00,1
289,{},pav,Wari,,pav,iso639-3,en,2013-12-12T01:00:00+01:00,True,2013-11-15T01:00:00+01:00,1
290,{},wari1268,Wari,,wari1268,glottolog,en,2013-12-12T01:00:00+01:00,True,2013-11-15T01:00:00+01:00,1
291,{},pay,Pech,,pay,iso639-3,en,2013-12-12T01:00:00+01:00,True,2013-11-15T01:00:00+01:00,1
292,{},pech1241,Pech,,pech1241,glottolog,en,2013-12-12T01:00:00+01:00,True,2013-11-15T01:00:00+01:00,1
293,{},qwh,Huaylas Ancash Quechua,,qwh,iso639-3,en,2013-12-12T01:00:00+01:00,True,2013-11-15T01:00:00+01:00,1
294,{},huay1240,Huaylas Ancash Quechua,,huay1240,glottolog,en,2013-12-12T01:00:00+01:00,True,2013-11-15T01:00:00+01:00,1
295,{},pab,Parecís,,pab,iso639-3,en,2013-12-12T01:00:00+01:00,True,2013-11-15T01:00:00+01:00,1
296,{},pare1272,Parecís,,pare1272,glottolog,en,2013-12-12T01:00:00+01:00,True,2013-11-15T01:00:00+01:00,1
297,{},miq,Mískito,,miq,iso639-3,en,2013-12-12T01:00:00+01:00,True,2013-11-15T01:00:00+01:00,1
298,{},misk1235,Mískito,,misk1235,glottolog,en,2013-12-12T01:00:00+01:00,True,2013-11-15T01:00:00+01:00,1
299,{},ign,Ignaciano,,ign,iso639-3,en,2013-12-12T01:00:00+01:00,True,2013-11-15T01:00:00+01:00,1
300,{},igna1246,Ignaciano,,igna1246,glottolog,en,2013-12-12T01:00:00+01:00,True,2013-11-15T01:00:00+01:00,1
301,{},lao,Lao,,lao,iso639-3,en,2013-12-12T01:00:00+01:00,True,2013-11-15T01:00:00+01:00,1
302,{},laoo1244,Lao,,laoo1244,glottolog,en,2013-12-12T01:00:00+01:00,True,2013-11-15T01:00:00+01:00,1
303,{},mzp,Movima,,mzp,iso639-3,en,2013-12-12T01:00:00+01:00,True,2013-11-15T01:00:00+01:00,1
304,{},movi1243,Movima,,movi1243,glottolog,en,2013-12-12T01:00:00+01:00,True,2013-11-15T01:00:00+01:00,1
305,{},mav,Sateré-Mawé,,mav,iso639-3,en,2013-12-12T01:00:00+01:00,True,2013-11-15T01:00:00+01:00,1
306,{},sate1243,Sateré-Mawé,,sate1243,glottolog,en,2013-12-12T01:00:00+01:00,True,2013-11-15T01:00:00+01:00,1
307,{},snn,Siona-Tetete,,snn,iso639-3,en,2013-12-12T01:00:00+01:00,True,2013-11-15T01:00:00+01:00,1
308,{},sion1247,Siona-Tetete,,sion1247,glottolog,en,2013-12-12T01:00:00+01:00,True,2013-11-15T01:00:00+01:00,1
309,{},wyr,Wayoró,,wyr,iso639-3,en,2013-12-12T01:00:00+01:00,True,2013-11-15T01:00:00+01:00,1
310,{},wayo1238,Wayoró,,wayo1238,glottolog,en,2013-12-12T01:00:00+01:00,True,2013-11-15T01:00:00+01:00,1
311,{},kay,Kamayurá,,kay,iso639-3,en,2013-12-12T01:00:00+01:00,True,2013-11-15T01:00:00+01:00,1
312,{},kama1373,Kamayurá,,kama1373,glottolog,en,2013-12-12T01:00:00+01:00,True,2013-11-15T01:00:00+01:00,1
313,{},ure,Uru,,ure,iso639-3,en,2013-12-12T01:00:00+01:00,True,2013-11-15T01:00:00+01:00,1
314,{},uruu1244,Uru,,uruu1244,glottolog,en,2013-12-12T01:00:00+01:00,True,2013-11-15T01:00:00+01:00,1
315,{},sja,Epena,,sja,iso639-3,en,2013-12-12T01:00:00+01:00,True,2013-11-15T01:00:00+01:00,1
316,{},epen1239,Epena,,epen1239,glottolog,en,2013-12-12T01:00:00+01:00,True,2013-11-15T01:00:00+01:00,1
317,{},ura,Urarina,,ura,iso639-3,en,2013-12-12T01:00:00+01:00,True,2013-11-15T01:00:00+01:00,1
318,{},urar1246,Urarina,,urar1246,glottolog,en,2013-12-12T01:00:00+01:00,True,2013-11-15T01:00:00+01:00,1
319,{},tpj,Tapieté,,tpj,iso639-3,en,2013-12-12T01:00:00+01:00,True,2013-11-15T01:00:00+01:00,1
320,{},tapi1253,Tapieté,,tapi1253,glottolog,en,2013-12-12T01:00:00+01:00,True,2013-11-15T01:00:00+01:00,1
321,{},mpu,Makuráp,,mpu,iso639-3,en,2013-12-12T01:00:00+01:00,True,2013-11-15T01:00:00+01:00,1
322,{},maku1278,Makuráp,,maku1278,glottolog,en,2013-12-12T01:00:00+01:00,True,2013-11-15T01:00:00+01:00,1
323,{},tpy,Trumai,,tpy,iso639-3,en,2013-12-12T01:00:00+01:00,True,2013-11-15T01:00:00+01:00,1
324,{},trum1247,Trumai,,trum1247,glottolog,en,2013-12-12T01:00:00+01:00,True,2013-11-15T01:00:00+01:00,1
325,{},agr,Aguaruna,,agr,iso639-3,en,2013-12-12T01:00:00+01:00,True,2013-11-15T01:00:00+01:00,1
326,{},agua1253,Aguaruna,,agua1253,glottolog,en,2013-12-12T01:00:00+01:00,True,2013-11-15T01:00:00+01:00,1
327,{},ccc,Chamicuro,,ccc,iso639-3,en,2013-12-12T01:00:00+01:00,True,2013-11-15T01:00:00+01:00,1
328,{},cham1318,Chamicuro,,cham1318,glottolog,en,2013-12-12T01:00:00+01:00,True,2013-11-15T01:00:00+01:00,1
