pk,created,updated,active,jsondata,name,description,markup_description,id,type,lang,version
1,2013-11-15T01:00:00+01:00,2013-12-12T01:00:00+01:00,True,,ito,Itonama,,ito,iso639-3,en,1
2,2013-11-15T01:00:00+01:00,2013-12-12T01:00:00+01:00,True,,iton1250,Itonama,,iton1250,glottolog,en,1
3,2013-11-15T01:00:00+01:00,2013-12-12T01:00:00+01:00,True,,qvn,North Junín Quechua,,qvn,iso639-3,en,1
4,2013-11-15T01:00:00+01:00,2013-12-12T01:00:00+01:00,True,,nort2980,North Junín Quechua,,nort2980,glottolog,en,1
5,2013-11-15T01:00:00+01:00,2013-12-12T01:00:00+01:00,True,,bvv,Baniva,,bvv,iso639-3,en,1
6,2013-11-15T01:00:00+01:00,2013-12-12T01:00:00+01:00,True,,bani1254,Baniva,,bani1254,glottolog,en,1
7,2013-11-15T01:00:00+01:00,2013-12-12T01:00:00+01:00,True,,kbc,Kadiwéu,,kbc,iso639-3,en,1
8,2013-11-15T01:00:00+01:00,2013-12-12T01:00:00+01:00,True,,kadi1248,Kadiwéu,,kadi1248,glottolog,en,1
9,2013-11-15T01:00:00+01:00,2013-12-12T01:00:00+01:00,True,,qvc,Cajamarca Quechua,,qvc,iso639-3,en,1
10,2013-11-15T01:00:00+01:00,2013-12-12T01:00:00+01:00,True,,caja1238,Cajamarca Quechua,,caja1238,glottolog,en,1
11,2013-11-15T01:00:00+01:00,2013-12-12T01:00:00+01:00,True,,qvp,Pacaraos Quechua,,qvp,iso639-3,en,1
12,2013-11-15T01:00:00+01:00,2013-12-12T01:00:00+01:00,True,,paca1245,Pacaraos Quechua,,paca1245,glottolog,en,1
13,2013-11-15T01:00:00+01:00,2013-12-12T01:00:00+01:00,True,,qvi,Imbabura Highland Quichua,,qvi,iso639-3,en,1
14,2013-11-15T01:00:00+01:00,2013-12-12T01:00:00+01:00,True,,imba1240,Imbabura Highland Quichua,,imba1240,glottolog,en,1
15,2013-11-15T01:00:00+01:00,2013-12-12T01:00:00+01:00,True,,yvt,Yavitero,,yvt,iso639-3,en,1
16,2013-11-15T01:00:00+01:00,2013-12-12T01:00:00+01:00,True,,yavi1244,Yavitero,,yavi1244,glottolog,en,1
17,2013-11-15T01:00:00+01:00,2013-12-12T01:00:00+01:00,True,,gta,Guató,,gta,iso639-3,en,1
18,2013-11-15T01:00:00+01:00,2013-12-12T01:00:00+01:00,True,,guat1253,Guató,,guat1253,glottolog,en,1
19,2013-11-15T01:00:00+01:00,2013-12-12T01:00:00+01:00,True,,rgr,Resígaro,,rgr,iso639-3,en,1
20,2013-11-15T01:00:00+01:00,2013-12-12T01:00:00+01:00,True,,resi1247,Resígaro,,resi1247,glottolog,en,1
21,2013-11-15T01:00:00+01:00,2013-12-12T01:00:00+01:00,True,,jic,Tol,,jic,iso639-3,en,1
22,2013-11-15T01:00:00+01:00,2013-12-12T01:00:00+01:00,True,,toll1241,Tol,,toll1241,glottolog,en,1
23,2013-11-15T01:00:00+01:00,2013-12-12T01:00:00+01:00,True,,lkd,Lakondê,,lkd,iso639-3,en,1
24,2013-11-15T01:00:00+01:00,2013-12-12T01:00:00+01:00,True,,lako1248,Lakondê,,lako1248,glottolog,en,1
25,2013-11-15T01:00:00+01:00,2013-12-12T01:00:00+01:00,True,,jiv,Shuar,,jiv,iso639-3,en,1
26,2013-11-15T01:00:00+01:00,2013-12-12T01:00:00+01:00,True,,shua1257,Shuar,,shua1257,glottolog,en,1
27,2013-11-15T01:00:00+01:00,2013-12-12T01:00:00+01:00,True,,skf,Mekens,,skf,iso639-3,en,1
28,2013-11-15T01:00:00+01:00,2013-12-12T01:00:00+01:00,True,,saki1248,Mekens,,saki1248,glottolog,en,1
29,2013-11-15T01:00:00+01:00,2013-12-12T01:00:00+01:00,True,,cub,Cubeo,,cub,iso639-3,en,1
30,2013-11-15T01:00:00+01:00,2013-12-12T01:00:00+01:00,True,,cube1242,Cubeo,,cube1242,glottolog,en,1
31,2013-11-15T01:00:00+01:00,2013-12-12T01:00:00+01:00,True,,cuk,San Blas Kuna,,cuk,iso639-3,en,1
32,2013-11-15T01:00:00+01:00,2013-12-12T01:00:00+01:00,True,,sanb1242,San Blas Kuna,,sanb1242,glottolog,en,1
33,2013-11-15T01:00:00+01:00,2013-12-12T01:00:00+01:00,True,,cuj,Mashco Piro,,cuj,iso639-3,en,1
34,2013-11-15T01:00:00+01:00,2013-12-12T01:00:00+01:00,True,,mash1270,Mashco Piro,,mash1270,glottolog,en,1
35,2013-11-15T01:00:00+01:00,2013-12-12T01:00:00+01:00,True,,jaa,Jamamadí,,jaa,iso639-3,en,1
36,2013-11-15T01:00:00+01:00,2013-12-12T01:00:00+01:00,True,,jama1261,Jamamadí,,jama1261,glottolog,en,1
37,2013-11-15T01:00:00+01:00,2013-12-12T01:00:00+01:00,True,,ceg,Chamacoco,,ceg,iso639-3,en,1
38,2013-11-15T01:00:00+01:00,2013-12-12T01:00:00+01:00,True,,cham1315,Chamacoco,,cham1315,glottolog,en,1
39,2013-11-15T01:00:00+01:00,2013-12-12T01:00:00+01:00,True,,guc,Wayuu,,guc,iso639-3,en,1
40,2013-11-15T01:00:00+01:00,2013-12-12T01:00:00+01:00,True,,wayu1243,Wayuu,,wayu1243,glottolog,en,1
41,2013-11-15T01:00:00+01:00,2013-12-12T01:00:00+01:00,True,,kxo,Kanoê,,kxo,iso639-3,en,1
42,2013-11-15T01:00:00+01:00,2013-12-12T01:00:00+01:00,True,,kano1245,Kanoê,,kano1245,glottolog,en,1
43,2013-11-15T01:00:00+01:00,2013-12-12T01:00:00+01:00,True,,hix,Hixkaryána,,hix,iso639-3,en,1
44,2013-11-15T01:00:00+01:00,2013-12-12T01:00:00+01:00,True,,hixk1239,Hixkaryána,,hixk1239,glottolog,en,1
45,2013-11-15T01:00:00+01:00,2013-12-12T01:00:00+01:00,True,,ame,Yanesha',,ame,iso639-3,en,1
46,2013-11-15T01:00:00+01:00,2013-12-12T01:00:00+01:00,True,,yane1238,Yanesha',,yane1238,glottolog,en,1
47,2013-11-15T01:00:00+01:00,2013-12-12T01:00:00+01:00,True,,wba,Warao,,wba,iso639-3,en,1
48,2013-11-15T01:00:00+01:00,2013-12-12T01:00:00+01:00,True,,wara1303,Warao,,wara1303,glottolog,en,1
49,2013-11-15T01:00:00+01:00,2013-12-12T01:00:00+01:00,True,,not,Nomatsiguenga,,not,iso639-3,en,1
50,2013-11-15T01:00:00+01:00,2013-12-12T01:00:00+01:00,True,,noma1263,Nomatsiguenga,,noma1263,glottolog,en,1
51,2013-11-15T01:00:00+01:00,2013-12-12T01:00:00+01:00,True,,amr,Amarakaeri,,amr,iso639-3,en,1
52,2013-11-15T01:00:00+01:00,2013-12-12T01:00:00+01:00,True,,amar1274,Amarakaeri,,amar1274,glottolog,en,1
53,2013-11-15T01:00:00+01:00,2013-12-12T01:00:00+01:00,True,,jqr,Jaqaru,,jqr,iso639-3,en,1
54,2013-11-15T01:00:00+01:00,2013-12-12T01:00:00+01:00,True,,jaqa1244,Jaqaru,,jaqa1244,glottolog,en,1
55,2013-11-15T01:00:00+01:00,2013-12-12T01:00:00+01:00,True,,eme,Emerillon,,eme,iso639-3,en,1
56,2013-11-15T01:00:00+01:00,2013-12-12T01:00:00+01:00,True,,emer1243,Emerillon,,emer1243,glottolog,en,1
57,2013-11-15T01:00:00+01:00,2013-12-12T01:00:00+01:00,True,,myu,Mundurukú,,myu,iso639-3,en,1
58,2013-11-15T01:00:00+01:00,2013-12-12T01:00:00+01:00,True,,mund1330,Mundurukú,,mund1330,glottolog,en,1
59,2013-11-15T01:00:00+01:00,2013-12-12T01:00:00+01:00,True,,qxl,Salasaca Highland Quichua,,qxl,iso639-3,en,1
60,2013-11-15T01:00:00+01:00,2013-12-12T01:00:00+01:00,True,,sala1272,Salasaca Highland Quichua,,sala1272,glottolog,en,1
61,2013-11-15T01:00:00+01:00,2013-12-12T01:00:00+01:00,True,,crb,Island Carib,,crb,iso639-3,en,1
62,2013-11-15T01:00:00+01:00,2013-12-12T01:00:00+01:00,True,,isla1278,Island Carib,,isla1278,glottolog,en,1
63,2013-11-15T01:00:00+01:00,2013-12-12T01:00:00+01:00,True,,iqu,Iquito,,iqu,iso639-3,en,1
64,2013-11-15T01:00:00+01:00,2013-12-12T01:00:00+01:00,True,,iqui1243,Iquito,,iqui1243,glottolog,en,1
65,2013-11-15T01:00:00+01:00,2013-12-12T01:00:00+01:00,True,,shb,Ninam,,shb,iso639-3,en,1
66,2013-11-15T01:00:00+01:00,2013-12-12T01:00:00+01:00,True,,nina1238,Ninam,,nina1238,glottolog,en,1
67,2013-11-15T01:00:00+01:00,2013-12-12T01:00:00+01:00,True,,bae,Baré,,bae,iso639-3,en,1
68,2013-11-15T01:00:00+01:00,2013-12-12T01:00:00+01:00,True,,bare1276,Baré,,bare1276,glottolog,en,1
69,2013-11-15T01:00:00+01:00,2013-12-12T01:00:00+01:00,True,,emp,Northern Emberá,,emp,iso639-3,en,1
70,2013-11-15T01:00:00+01:00,2013-12-12T01:00:00+01:00,True,,nort2972,Northern Emberá,,nort2972,glottolog,en,1
71,2013-11-15T01:00:00+01:00,2013-12-12T01:00:00+01:00,True,,pbb,Páez,,pbb,iso639-3,en,1
72,2013-11-15T01:00:00+01:00,2013-12-12T01:00:00+01:00,True,,paez1247,Páez,,paez1247,glottolog,en,1
73,2013-11-15T01:00:00+01:00,2013-12-12T01:00:00+01:00,True,,trr,Taushiro,,trr,iso639-3,en,1
74,2013-11-15T01:00:00+01:00,2013-12-12T01:00:00+01:00,True,,taus1253,Taushiro,,taus1253,glottolog,en,1
75,2013-11-15T01:00:00+01:00,2013-12-12T01:00:00+01:00,True,,pbh,Panare,,pbh,iso639-3,en,1
76,2013-11-15T01:00:00+01:00,2013-12-12T01:00:00+01:00,True,,enap1235,Panare,,enap1235,glottolog,en,1
77,2013-11-15T01:00:00+01:00,2013-12-12T01:00:00+01:00,True,,teh,Tehuelche,,teh,iso639-3,en,1
78,2013-11-15T01:00:00+01:00,2013-12-12T01:00:00+01:00,True,,tehu1242,Tehuelche,,tehu1242,glottolog,en,1
79,2013-11-15T01:00:00+01:00,2013-12-12T01:00:00+01:00,True,,arr,Karo (Brazil),,arr,iso639-3,en,1
80,2013-11-15T01:00:00+01:00,2013-12-12T01:00:00+01:00,True,,karo1305,Karo (Brazil),,karo1305,glottolog,en,1
81,2013-11-15T01:00:00+01:00,2013-12-12T01:00:00+01:00,True,,cap,Chipaya,,cap,iso639-3,en,1
82,2013-11-15T01:00:00+01:00,2013-12-12T01:00:00+01:00,True,,chip1262,Chipaya,,chip1262,glottolog,en,1
83,2013-11-15T01:00:00+01:00,2013-12-12T01:00:00+01:00,True,,arw,Lokono,,arw,iso639-3,en,1
84,2013-11-15T01:00:00+01:00,2013-12-12T01:00:00+01:00,True,,araw1276,Lokono,,araw1276,glottolog,en,1
85,2013-11-15T01:00:00+01:00,2013-12-12T01:00:00+01:00,True,,qus,Santiago del Estero Quichua,,qus,iso639-3,en,1
86,2013-11-15T01:00:00+01:00,2013-12-12T01:00:00+01:00,True,,sant1432,Santiago del Estero Quichua,,sant1432,glottolog,en,1
87,2013-11-15T01:00:00+01:00,2013-12-12T01:00:00+01:00,True,,sey,Secoya,,sey,iso639-3,en,1
88,2013-11-15T01:00:00+01:00,2013-12-12T01:00:00+01:00,True,,seco1241,Secoya,,seco1241,glottolog,en,1
89,2013-11-15T01:00:00+01:00,2013-12-12T01:00:00+01:00,True,,rma,Rama,,rma,iso639-3,en,1
90,2013-11-15T01:00:00+01:00,2013-12-12T01:00:00+01:00,True,,rama1270,Rama,,rama1270,glottolog,en,1
91,2013-11-15T01:00:00+01:00,2013-12-12T01:00:00+01:00,True,,arh,Arhuaco,,arh,iso639-3,en,1
92,2013-11-15T01:00:00+01:00,2013-12-12T01:00:00+01:00,True,,arhu1242,Arhuaco,,arhu1242,glottolog,en,1
93,2013-11-15T01:00:00+01:00,2013-12-12T01:00:00+01:00,True,,ter,Tereno,,ter,iso639-3,en,1
94,2013-11-15T01:00:00+01:00,2013-12-12T01:00:00+01:00,True,,tere1279,Tereno,,tere1279,glottolog,en,1
95,2013-11-15T01:00:00+01:00,2013-12-12T01:00:00+01:00,True,,arl,Arabela,,arl,iso639-3,en,1
96,2013-11-15T01:00:00+01:00,2013-12-12T01:00:00+01:00,True,,arab1268,Arabela,,arab1268,glottolog,en,1
97,2013-11-15T01:00:00+01:00,2013-12-12T01:00:00+01:00,True,,arn,Mapudungun,,arn,iso639-3,en,1
98,2013-11-15T01:00:00+01:00,2013-12-12T01:00:00+01:00,True,,mapu1245,Mapudungun,,mapu1245,glottolog,en,1
99,2013-11-15T01:00:00+01:00,2013-12-12T01:00:00+01:00,True,,rey,Reyesano,,rey,iso639-3,en,1
100,2013-11-15T01:00:00+01:00,2013-12-12T01:00:00+01:00,True,,reye1240,Reyesano,,reye1240,glottolog,en,1
101,2013-11-15T01:00:00+01:00,2013-12-12T01:00:00+01:00,True,,gvo,Gavião Do Jiparaná,,gvo,iso639-3,en,1
102,2013-11-15T01:00:00+01:00,2013-12-12T01:00:00+01:00,True,,gavi1246,Gavião Do Jiparaná,,gavi1246,glottolog,en,1
103,2013-11-15T01:00:00+01:00,2013-12-12T01:00:00+01:00,True,,quy,Ayacucho Quechua,,quy,iso639-3,en,1
104,2013-11-15T01:00:00+01:00,2013-12-12T01:00:00+01:00,True,,ayac1239,Ayacucho Quechua,,ayac1239,glottolog,en,1
105,2013-11-15T01:00:00+01:00,2013-12-12T01:00:00+01:00,True,,ese,Ese Ejja,,ese,iso639-3,en,1
106,2013-11-15T01:00:00+01:00,2013-12-12T01:00:00+01:00,True,,esee1248,Ese Ejja,,esee1248,glottolog,en,1
107,2013-11-15T01:00:00+01:00,2013-12-12T01:00:00+01:00,True,,kpc,Curripaco,,kpc,iso639-3,en,1
108,2013-11-15T01:00:00+01:00,2013-12-12T01:00:00+01:00,True,,curr1243,Curripaco,,curr1243,glottolog,en,1
109,2013-11-15T01:00:00+01:00,2013-12-12T01:00:00+01:00,True,,ycn,Yucuna,,ycn,iso639-3,en,1
110,2013-11-15T01:00:00+01:00,2013-12-12T01:00:00+01:00,True,,yucu1253,Yucuna,,yucu1253,glottolog,en,1
111,2013-11-15T01:00:00+01:00,2013-12-12T01:00:00+01:00,True,,qux,Huangascar-Topara-Yauyos Quechua,,qux,iso639-3,en,1
112,2013-11-15T01:00:00+01:00,2013-12-12T01:00:00+01:00,True,,yauy1235,Huangascar-Topara-Yauyos Quechua,,yauy1235,glottolog,en,1
113,2013-11-15T01:00:00+01:00,2013-12-12T01:00:00+01:00,True,,zro,Záparo,,zro,iso639-3,en,1
114,2013-11-15T01:00:00+01:00,2013-12-12T01:00:00+01:00,True,,zapa1253,Záparo,,zapa1253,glottolog,en,1
115,2013-11-15T01:00:00+01:00,2013-12-12T01:00:00+01:00,True,,qvs,San Martín Quechua,,qvs,iso639-3,en,1
116,2013-11-15T01:00:00+01:00,2013-12-12T01:00:00+01:00,True,,sanm1289,San Martín Quechua,,sanm1289,glottolog,en,1
117,2013-11-15T01:00:00+01:00,2013-12-12T01:00:00+01:00,True,,cni,Asháninka,,cni,iso639-3,en,1
118,2013-11-15T01:00:00+01:00,2013-12-12T01:00:00+01:00,True,,asha1243,Asháninka,,asha1243,glottolog,en,1
119,2013-11-15T01:00:00+01:00,2013-12-12T01:00:00+01:00,True,,omc,Mochica,,omc,iso639-3,en,1
120,2013-11-15T01:00:00+01:00,2013-12-12T01:00:00+01:00,True,,moch1259,Mochica,,moch1259,glottolog,en,1
121,2013-11-15T01:00:00+01:00,2013-12-12T01:00:00+01:00,True,,qup,Southern Pastaza Quechua,,qup,iso639-3,en,1
122,2013-11-15T01:00:00+01:00,2013-12-12T01:00:00+01:00,True,,sout2990,Southern Pastaza Quechua,,sout2990,glottolog,en,1
123,2013-11-15T01:00:00+01:00,2013-12-12T01:00:00+01:00,True,,plu,Palikúr,,plu,iso639-3,en,1
124,2013-11-15T01:00:00+01:00,2013-12-12T01:00:00+01:00,True,,pali1279,Palikúr,,pali1279,glottolog,en,1
125,2013-11-15T01:00:00+01:00,2013-12-12T01:00:00+01:00,True,,lec,Leco,,lec,iso639-3,en,1
126,2013-11-15T01:00:00+01:00,2013-12-12T01:00:00+01:00,True,,leco1242,Leco,,leco1242,glottolog,en,1
127,2013-11-15T01:00:00+01:00,2013-12-12T01:00:00+01:00,True,,pui,Puinave,,pui,iso639-3,en,1
128,2013-11-15T01:00:00+01:00,2013-12-12T01:00:00+01:00,True,,puin1248,Puinave,,puin1248,glottolog,en,1
129,2013-11-15T01:00:00+01:00,2013-12-12T01:00:00+01:00,True,,quw,Tena Lowland Quichua,,quw,iso639-3,en,1
130,2013-11-15T01:00:00+01:00,2013-12-12T01:00:00+01:00,True,,tena1240,Tena Lowland Quichua,,tena1240,glottolog,en,1
131,2013-11-15T01:00:00+01:00,2013-12-12T01:00:00+01:00,True,,moc,Mocoví,,moc,iso639-3,en,1
132,2013-11-15T01:00:00+01:00,2013-12-12T01:00:00+01:00,True,,moco1246,Mocoví,,moco1246,glottolog,en,1
133,2013-11-15T01:00:00+01:00,2013-12-12T01:00:00+01:00,True,,pue,Puelche,,pue,iso639-3,en,1
134,2013-11-15T01:00:00+01:00,2013-12-12T01:00:00+01:00,True,,puel1244,Puelche,,puel1244,glottolog,en,1
135,2013-11-15T01:00:00+01:00,2013-12-12T01:00:00+01:00,True,,tur,Turkish,,tur,iso639-3,en,1
136,2013-11-15T01:00:00+01:00,2013-12-12T01:00:00+01:00,True,,nucl1301,Turkish,,nucl1301,glottolog,en,1
137,2013-11-15T01:00:00+01:00,2013-12-12T01:00:00+01:00,True,,quz,Cusco Quechua,,quz,iso639-3,en,1
138,2013-11-15T01:00:00+01:00,2013-12-12T01:00:00+01:00,True,,cusc1236,Cusco Quechua,,cusc1236,glottolog,en,1
139,2013-11-15T01:00:00+01:00,2013-12-12T01:00:00+01:00,True,,auc,Waorani,,auc,iso639-3,en,1
140,2013-11-15T01:00:00+01:00,2013-12-12T01:00:00+01:00,True,,waor1240,Waorani,,waor1240,glottolog,en,1
141,2013-11-15T01:00:00+01:00,2013-12-12T01:00:00+01:00,True,,plg,Pilagá,,plg,iso639-3,en,1
142,2013-11-15T01:00:00+01:00,2013-12-12T01:00:00+01:00,True,,pila1245,Pilagá,,pila1245,glottolog,en,1
143,2013-11-15T01:00:00+01:00,2013-12-12T01:00:00+01:00,True,,qub,Huallaga Huánuco Quechua,,qub,iso639-3,en,1
144,2013-11-15T01:00:00+01:00,2013-12-12T01:00:00+01:00,True,,hual1241,Huallaga Huánuco Quechua,,hual1241,glottolog,en,1
145,2013-11-15T01:00:00+01:00,2013-12-12T01:00:00+01:00,True,,mmh,Mehináku,,mmh,iso639-3,en,1
146,2013-11-15T01:00:00+01:00,2013-12-12T01:00:00+01:00,True,,mehi1240,Mehináku,,mehi1240,glottolog,en,1
147,2013-11-15T01:00:00+01:00,2013-12-12T01:00:00+01:00,True,,quh,South Bolivian Quechua,,quh,iso639-3,en,1
148,2013-11-15T01:00:00+01:00,2013-12-12T01:00:00+01:00,True,,sout2991,South Bolivian Quechua,,sout2991,glottolog,en,1
149,2013-11-15T01:00:00+01:00,2013-12-12T01:00:00+01:00,True,,aca,Achagua,,aca,iso639-3,en,1
150,2013-11-15T01:00:00+01:00,2013-12-12T01:00:00+01:00,True,,acha1250,Achagua,,acha1250,glottolog,en,1
151,2013-11-15T01:00:00+01:00,2013-12-12T01:00:00+01:00,True,,yuz,Yuracaré,,yuz,iso639-3,en,1
152,2013-11-15T01:00:00+01:00,2013-12-12T01:00:00+01:00,True,,yura1255,Yuracaré,,yura1255,glottolog,en,1
153,2013-11-15T01:00:00+01:00,2013-12-12T01:00:00+01:00,True,,yuq,Yuqui,,yuq,iso639-3,en,1
154,2013-11-15T01:00:00+01:00,2013-12-12T01:00:00+01:00,True,,yuqu1240,Yuqui,,yuqu1240,glottolog,en,1
155,2013-11-15T01:00:00+01:00,2013-12-12T01:00:00+01:00,True,,cox,Nanti,,cox,iso639-3,en,1
156,2013-11-15T01:00:00+01:00,2013-12-12T01:00:00+01:00,True,,nant1250,Nanti,,nant1250,glottolog,en,1
157,2013-11-15T01:00:00+01:00,2013-12-12T01:00:00+01:00,True,,bor,Bororo,,bor,iso639-3,en,1
158,2013-11-15T01:00:00+01:00,2013-12-12T01:00:00+01:00,True,,boro1282,Bororo,,boro1282,glottolog,en,1
159,2013-11-15T01:00:00+01:00,2013-12-12T01:00:00+01:00,True,,qxw,Jauja Wanca Quechua,,qxw,iso639-3,en,1
160,2013-11-15T01:00:00+01:00,2013-12-12T01:00:00+01:00,True,,jauj1238,Jauja Wanca Quechua,,jauj1238,glottolog,en,1
161,2013-11-15T01:00:00+01:00,2013-12-12T01:00:00+01:00,True,,tri,Trió,,tri,iso639-3,en,1
162,2013-11-15T01:00:00+01:00,2013-12-12T01:00:00+01:00,True,,trio1238,Trió,,trio1238,glottolog,en,1
163,2013-11-15T01:00:00+01:00,2013-12-12T01:00:00+01:00,True,,cod,Cocama-Cocamilla,,cod,iso639-3,en,1
164,2013-11-15T01:00:00+01:00,2013-12-12T01:00:00+01:00,True,,coca1259,Cocama-Cocamilla,,coca1259,glottolog,en,1
165,2013-11-15T01:00:00+01:00,2013-12-12T01:00:00+01:00,True,,acu,Achuar-Shiwiar,,acu,iso639-3,en,1
166,2013-11-15T01:00:00+01:00,2013-12-12T01:00:00+01:00,True,,achu1248,Achuar-Shiwiar,,achu1248,glottolog,en,1
167,2013-11-15T01:00:00+01:00,2013-12-12T01:00:00+01:00,True,,cof,Colorado,,cof,iso639-3,en,1
168,2013-11-15T01:00:00+01:00,2013-12-12T01:00:00+01:00,True,,colo1256,Colorado,,colo1256,glottolog,en,1
169,2013-11-15T01:00:00+01:00,2013-12-12T01:00:00+01:00,True,,boa,Bora,,boa,iso639-3,en,1
170,2013-11-15T01:00:00+01:00,2013-12-12T01:00:00+01:00,True,,bora1263,Bora,,bora1263,glottolog,en,1
171,2013-11-15T01:00:00+01:00,2013-12-12T01:00:00+01:00,True,,unk,Enawené-Nawé,,unk,iso639-3,en,1
172,2013-11-15T01:00:00+01:00,2013-12-12T01:00:00+01:00,True,,enaw1238,Enawené-Nawé,,enaw1238,glottolog,en,1
173,2013-11-15T01:00:00+01:00,2013-12-12T01:00:00+01:00,True,,con,Cofán,,con,iso639-3,en,1
174,2013-11-15T01:00:00+01:00,2013-12-12T01:00:00+01:00,True,,cofa1242,Cofán,,cofa1242,glottolog,en,1
175,2013-11-15T01:00:00+01:00,2013-12-12T01:00:00+01:00,True,,kwa,Dâw,,kwa,iso639-3,en,1
176,2013-11-15T01:00:00+01:00,2013-12-12T01:00:00+01:00,True,,daww1239,Dâw,,daww1239,glottolog,en,1
177,2013-11-15T01:00:00+01:00,2013-12-12T01:00:00+01:00,True,,apy,Apalaí,,apy,iso639-3,en,1
178,2013-11-15T01:00:00+01:00,2013-12-12T01:00:00+01:00,True,,apal1257,Apalaí,,apal1257,glottolog,en,1
179,2013-11-15T01:00:00+01:00,2013-12-12T01:00:00+01:00,True,,txi,Ikpeng,,txi,iso639-3,en,1
180,2013-11-15T01:00:00+01:00,2013-12-12T01:00:00+01:00,True,,ikpe1245,Ikpeng,,ikpe1245,glottolog,en,1
181,2013-11-15T01:00:00+01:00,2013-12-12T01:00:00+01:00,True,,kwi,Awa-Cuaiquer,,kwi,iso639-3,en,1
182,2013-11-15T01:00:00+01:00,2013-12-12T01:00:00+01:00,True,,awac1239,Awa-Cuaiquer,,awac1239,glottolog,en,1
183,2013-11-15T01:00:00+01:00,2013-12-12T01:00:00+01:00,True,,ona,Ona,,ona,iso639-3,en,1
184,2013-11-15T01:00:00+01:00,2013-12-12T01:00:00+01:00,True,,onaa1245,Ona,,onaa1245,glottolog,en,1
185,2013-11-15T01:00:00+01:00,2013-12-12T01:00:00+01:00,True,,apu,Apurinã,,apu,iso639-3,en,1
186,2013-11-15T01:00:00+01:00,2013-12-12T01:00:00+01:00,True,,apur1254,Apurinã,,apur1254,glottolog,en,1
187,2013-11-15T01:00:00+01:00,2013-12-12T01:00:00+01:00,True,,xav,Xavánte,,xav,iso639-3,en,1
188,2013-11-15T01:00:00+01:00,2013-12-12T01:00:00+01:00,True,,xava1240,Xavánte,,xava1240,glottolog,en,1
189,2013-11-15T01:00:00+01:00,2013-12-12T01:00:00+01:00,True,,rkb,Rikbaktsa,,rkb,iso639-3,en,1
190,2013-11-15T01:00:00+01:00,2013-12-12T01:00:00+01:00,True,,rikb1245,Rikbaktsa,,rikb1245,glottolog,en,1
191,2013-11-15T01:00:00+01:00,2013-12-12T01:00:00+01:00,True,,rus,Russian,,rus,iso639-3,en,1
192,2013-11-15T01:00:00+01:00,2013-12-12T01:00:00+01:00,True,,russ1263,Russian,,russ1263,glottolog,en,1
193,2013-11-15T01:00:00+01:00,2013-12-12T01:00:00+01:00,True,,brg,Baure,,brg,iso639-3,en,1
194,2013-11-15T01:00:00+01:00,2013-12-12T01:00:00+01:00,True,,baur1253,Baure,,baur1253,glottolog,en,1
195,2013-11-15T01:00:00+01:00,2013-12-12T01:00:00+01:00,True,,mbp,Malayo,,mbp,iso639-3,en,1
196,2013-11-15T01:00:00+01:00,2013-12-12T01:00:00+01:00,True,,mala1522,Malayo,,mala1522,glottolog,en,1
197,2013-11-15T01:00:00+01:00,2013-12-12T01:00:00+01:00,True,,awe,Awetí,,awe,iso639-3,en,1
198,2013-11-15T01:00:00+01:00,2013-12-12T01:00:00+01:00,True,,awet1244,Awetí,,awet1244,glottolog,en,1
199,2013-11-15T01:00:00+01:00,2013-12-12T01:00:00+01:00,True,,ayo,Ayoreo,,ayo,iso639-3,en,1
200,2013-11-15T01:00:00+01:00,2013-12-12T01:00:00+01:00,True,,ayor1240,Ayoreo,,ayor1240,glottolog,en,1
201,2013-11-15T01:00:00+01:00,2013-12-12T01:00:00+01:00,True,,yrl,Nhengatu,,yrl,iso639-3,en,1
202,2013-11-15T01:00:00+01:00,2013-12-12T01:00:00+01:00,True,,nhen1239,Nhengatu,,nhen1239,glottolog,en,1
203,2013-11-15T01:00:00+01:00,2013-12-12T01:00:00+01:00,True,,shp,Shipibo-Conibo,,shp,iso639-3,en,1
204,2013-11-15T01:00:00+01:00,2013-12-12T01:00:00+01:00,True,,ship1254,Shipibo-Conibo,,ship1254,glottolog,en,1
205,2013-11-15T01:00:00+01:00,2013-12-12T01:00:00+01:00,True,,ayc,Southern Aymara,,ayc,iso639-3,en,1
206,2013-11-15T01:00:00+01:00,2013-12-12T01:00:00+01:00,True,,sout2996,Southern Aymara,,sout2996,glottolog,en,1
207,2013-11-15T01:00:00+01:00,2013-12-12T01:00:00+01:00,True,,cht,Cholón,,cht,iso639-3,en,1
208,2013-11-15T01:00:00+01:00,2013-12-12T01:00:00+01:00,True,,chol1284,Cholón,,chol1284,glottolog,en,1
209,2013-11-15T01:00:00+01:00,2013-12-12T01:00:00+01:00,True,,tob,Toba,,tob,iso639-3,en,1
210,2013-11-15T01:00:00+01:00,2013-12-12T01:00:00+01:00,True,,toba1269,Toba,,toba1269,glottolog,en,1
211,2013-11-15T01:00:00+01:00,2013-12-12T01:00:00+01:00,True,,wau,Waurá,,wau,iso639-3,en,1
212,2013-11-15T01:00:00+01:00,2013-12-12T01:00:00+01:00,True,,waur1244,Waurá,,waur1244,glottolog,en,1
213,2013-11-15T01:00:00+01:00,2013-12-12T01:00:00+01:00,True,,yaa,Yaminahua,,yaa,iso639-3,en,1
214,2013-11-15T01:00:00+01:00,2013-12-12T01:00:00+01:00,True,,yami1256,Yaminahua,,yami1256,glottolog,en,1
215,2013-11-15T01:00:00+01:00,2013-12-12T01:00:00+01:00,True,,wap,Wapishana,,wap,iso639-3,en,1
216,2013-11-15T01:00:00+01:00,2013-12-12T01:00:00+01:00,True,,wapi1253,Wapishana,,wapi1253,glottolog,en,1
217,2013-11-15T01:00:00+01:00,2013-12-12T01:00:00+01:00,True,,kgp,Kaingang,,kgp,iso639-3,en,1
218,2013-11-15T01:00:00+01:00,2013-12-12T01:00:00+01:00,True,,kain1272,Kaingang,,kain1272,glottolog,en,1
219,2013-11-15T01:00:00+01:00,2013-12-12T01:00:00+01:00,True,,ram,Canela,,ram,iso639-3,en,1
220,2013-11-15T01:00:00+01:00,2013-12-12T01:00:00+01:00,True,,cane1242,Canela,,cane1242,glottolog,en,1
221,2013-11-15T01:00:00+01:00,2013-12-12T01:00:00+01:00,True,,mcf,Matsés,,mcf,iso639-3,en,1
222,2013-11-15T01:00:00+01:00,2013-12-12T01:00:00+01:00,True,,mats1244,Matsés,,mats1244,glottolog,en,1
223,2013-11-15T01:00:00+01:00,2013-12-12T01:00:00+01:00,True,,gym,Ngäbere,,gym,iso639-3,en,1
224,2013-11-15T01:00:00+01:00,2013-12-12T01:00:00+01:00,True,,ngab1239,Ngäbere,,ngab1239,glottolog,en,1
225,2013-11-15T01:00:00+01:00,2013-12-12T01:00:00+01:00,True,,mcb,Machiguenga,,mcb,iso639-3,en,1
226,2013-11-15T01:00:00+01:00,2013-12-12T01:00:00+01:00,True,,mach1267,Machiguenga,,mach1267,glottolog,en,1
227,2013-11-15T01:00:00+01:00,2013-12-12T01:00:00+01:00,True,,mca,Maca,,mca,iso639-3,en,1
228,2013-11-15T01:00:00+01:00,2013-12-12T01:00:00+01:00,True,,maca1260,Maca,,maca1260,glottolog,en,1
229,2013-11-15T01:00:00+01:00,2013-12-12T01:00:00+01:00,True,,jur,Jurúna,,jur,iso639-3,en,1
230,2013-11-15T01:00:00+01:00,2013-12-12T01:00:00+01:00,True,,juru1256,Jurúna,,juru1256,glottolog,en,1
231,2013-11-15T01:00:00+01:00,2013-12-12T01:00:00+01:00,True,,jup,Hupdë,,jup,iso639-3,en,1
232,2013-11-15T01:00:00+01:00,2013-12-12T01:00:00+01:00,True,,hupd1244,Hupdë,,hupd1244,glottolog,en,1
233,2013-11-15T01:00:00+01:00,2013-12-12T01:00:00+01:00,True,,knm,Katukína-Kanamarí,,knm,iso639-3,en,1
234,2013-11-15T01:00:00+01:00,2013-12-12T01:00:00+01:00,True,,kana1291,Katukína-Kanamarí,,kana1291,glottolog,en,1
235,2013-11-15T01:00:00+01:00,2013-12-12T01:00:00+01:00,True,,gae,Guarequena,,gae,iso639-3,en,1
236,2013-11-15T01:00:00+01:00,2013-12-12T01:00:00+01:00,True,,guar1293,Guarequena,,guar1293,glottolog,en,1
237,2013-11-15T01:00:00+01:00,2013-12-12T01:00:00+01:00,True,,tfr,Teribe,,tfr,iso639-3,en,1
238,2013-11-15T01:00:00+01:00,2013-12-12T01:00:00+01:00,True,,teri1250,Teribe,,teri1250,glottolog,en,1
239,2013-11-15T01:00:00+01:00,2013-12-12T01:00:00+01:00,True,,gqn,Guana (Brazil),,gqn,iso639-3,en,1
240,2013-11-15T01:00:00+01:00,2013-12-12T01:00:00+01:00,True,,guan1270,Guana (Brazil),,guan1270,glottolog,en,1
241,2013-11-15T01:00:00+01:00,2013-12-12T01:00:00+01:00,True,,tnq,Taino,,tnq,iso639-3,en,1
242,2013-11-15T01:00:00+01:00,2013-12-12T01:00:00+01:00,True,,tain1254,Taino,,tain1254,glottolog,en,1
243,2013-11-15T01:00:00+01:00,2013-12-12T01:00:00+01:00,True,,cas,Mosetén,,cas,iso639-3,en,1
244,2013-11-15T01:00:00+01:00,2013-12-12T01:00:00+01:00,True,,mose1249,Mosetén,,mose1249,glottolog,en,1
245,2013-11-15T01:00:00+01:00,2013-12-12T01:00:00+01:00,True,,mtp,Wichí Lhamtés Nocten,,mtp,iso639-3,en,1
246,2013-11-15T01:00:00+01:00,2013-12-12T01:00:00+01:00,True,,wich1262,Wichí Lhamtés Nocten,,wich1262,glottolog,en,1
247,2013-11-15T01:00:00+01:00,2013-12-12T01:00:00+01:00,True,,des,Desano,,des,iso639-3,en,1
248,2013-11-15T01:00:00+01:00,2013-12-12T01:00:00+01:00,True,,desa1247,Desano,,desa1247,glottolog,en,1
249,2013-11-15T01:00:00+01:00,2013-12-12T01:00:00+01:00,True,,caw,Callawalla,,caw,iso639-3,en,1
250,2013-11-15T01:00:00+01:00,2013-12-12T01:00:00+01:00,True,,call1235,Callawalla,,call1235,glottolog,en,1
251,2013-11-15T01:00:00+01:00,2013-12-12T01:00:00+01:00,True,,cav,Cavineña,,cav,iso639-3,en,1
252,2013-11-15T01:00:00+01:00,2013-12-12T01:00:00+01:00,True,,cavi1250,Cavineña,,cavi1250,glottolog,en,1
253,2013-11-15T01:00:00+01:00,2013-12-12T01:00:00+01:00,True,,ktn,Karitiâna,,ktn,iso639-3,en,1
254,2013-11-15T01:00:00+01:00,2013-12-12T01:00:00+01:00,True,,kari1311,Karitiâna,,kari1311,glottolog,en,1
255,2013-11-15T01:00:00+01:00,2013-12-12T01:00:00+01:00,True,,cab,Garifuna,,cab,iso639-3,en,1
256,2013-11-15T01:00:00+01:00,2013-12-12T01:00:00+01:00,True,,gari1256,Garifuna,,gari1256,glottolog,en,1
257,2013-11-15T01:00:00+01:00,2013-12-12T01:00:00+01:00,True,,ayr,Central Aymara,,ayr,iso639-3,en,1
258,2013-11-15T01:00:00+01:00,2013-12-12T01:00:00+01:00,True,,cent2142,Central Aymara,,cent2142,glottolog,en,1
259,2013-11-15T01:00:00+01:00,2013-12-12T01:00:00+01:00,True,,xwa,Kwaza,,xwa,iso639-3,en,1
260,2013-11-15T01:00:00+01:00,2013-12-12T01:00:00+01:00,True,,kwaz1243,Kwaza,,kwaz1243,glottolog,en,1
261,2013-11-15T01:00:00+01:00,2013-12-12T01:00:00+01:00,True,,cbg,Chimila,,cbg,iso639-3,en,1
262,2013-11-15T01:00:00+01:00,2013-12-12T01:00:00+01:00,True,,chim1309,Chimila,,chim1309,glottolog,en,1
263,2013-11-15T01:00:00+01:00,2013-12-12T01:00:00+01:00,True,,pio,Piapoco,,pio,iso639-3,en,1
264,2013-11-15T01:00:00+01:00,2013-12-12T01:00:00+01:00,True,,piap1246,Piapoco,,piap1246,glottolog,en,1
265,2013-11-15T01:00:00+01:00,2013-12-12T01:00:00+01:00,True,,myr,Muniche,,myr,iso639-3,en,1
266,2013-11-15T01:00:00+01:00,2013-12-12T01:00:00+01:00,True,,muni1258,Muniche,,muni1258,glottolog,en,1
267,2013-11-15T01:00:00+01:00,2013-12-12T01:00:00+01:00,True,,inp,Iñapari,,inp,iso639-3,en,1
268,2013-11-15T01:00:00+01:00,2013-12-12T01:00:00+01:00,True,,inap1243,Iñapari,,inap1243,glottolog,en,1
269,2013-11-15T01:00:00+01:00,2013-12-12T01:00:00+01:00,True,,sae,Sabanê,,sae,iso639-3,en,1
270,2013-11-15T01:00:00+01:00,2013-12-12T01:00:00+01:00,True,,saba1268,Sabanê,,saba1268,glottolog,en,1
271,2013-11-15T01:00:00+01:00,2013-12-12T01:00:00+01:00,True,,cbr,Cashibo-Cacataibo,,cbr,iso639-3,en,1
272,2013-11-15T01:00:00+01:00,2013-12-12T01:00:00+01:00,True,,cash1251,Cashibo-Cacataibo,,cash1251,glottolog,en,1
273,2013-11-15T01:00:00+01:00,2013-12-12T01:00:00+01:00,True,,tae,Tariana,,tae,iso639-3,en,1
274,2013-11-15T01:00:00+01:00,2013-12-12T01:00:00+01:00,True,,tari1256,Tariana,,tari1256,glottolog,en,1
275,2013-11-15T01:00:00+01:00,2013-12-12T01:00:00+01:00,True,,prq,Ashéninka Perené,,prq,iso639-3,en,1
276,2013-11-15T01:00:00+01:00,2013-12-12T01:00:00+01:00,True,,ashe1272,Ashéninka Perené,,ashe1272,glottolog,en,1
277,2013-11-15T01:00:00+01:00,2013-12-12T01:00:00+01:00,True,,cbt,Chayahuita,,cbt,iso639-3,en,1
278,2013-11-15T01:00:00+01:00,2013-12-12T01:00:00+01:00,True,,chay1248,Chayahuita,,chay1248,glottolog,en,1
279,2013-11-15T01:00:00+01:00,2013-12-12T01:00:00+01:00,True,,spa,Spanish,,spa,iso639-3,en,1
280,2013-11-15T01:00:00+01:00,2013-12-12T01:00:00+01:00,True,,stan1288,Spanish,,stan1288,glottolog,en,1
281,2013-11-15T01:00:00+01:00,2013-12-12T01:00:00+01:00,True,,sar,Saraveca,,sar,iso639-3,en,1
282,2013-11-15T01:00:00+01:00,2013-12-12T01:00:00+01:00,True,,sara1331,Saraveca,,sara1331,glottolog,en,1
283,2013-11-15T01:00:00+01:00,2013-12-12T01:00:00+01:00,True,,wmd,Mamaindé,,wmd,iso639-3,en,1
284,2013-11-15T01:00:00+01:00,2013-12-12T01:00:00+01:00,True,,mama1278,Mamaindé,,mama1278,glottolog,en,1
285,2013-11-15T01:00:00+01:00,2013-12-12T01:00:00+01:00,True,,inb,Inga,,inb,iso639-3,en,1
286,2013-11-15T01:00:00+01:00,2013-12-12T01:00:00+01:00,True,,inga1252,Inga,,inga1252,glottolog,en,1
287,2013-11-15T01:00:00+01:00,2013-12-12T01:00:00+01:00,True,,pap,Papiamento,,pap,iso639-3,en,1
288,2013-11-15T01:00:00+01:00,2013-12-12T01:00:00+01:00,True,,papi1253,Papiamento,,papi1253,glottolog,en,1
289,2013-11-15T01:00:00+01:00,2013-12-12T01:00:00+01:00,True,,pav,Wari,,pav,iso639-3,en,1
290,2013-11-15T01:00:00+01:00,2013-12-12T01:00:00+01:00,True,,wari1268,Wari,,wari1268,glottolog,en,1
291,2013-11-15T01:00:00+01:00,2013-12-12T01:00:00+01:00,True,,pay,Pech,,pay,iso639-3,en,1
292,2013-11-15T01:00:00+01:00,2013-12-12T01:00:00+01:00,True,,pech1241,Pech,,pech1241,glottolog,en,1
293,2013-11-15T01:00:00+01:00,2013-12-12T01:00:00+01:00,True,,qwh,Huaylas Ancash Quechua,,qwh,iso639-3,en,1
294,2013-11-15T01:00:00+01:00,2013-12-12T01:00:00+01:00,True,,huay1240,Huaylas Ancash Quechua,,huay1240,glottolog,en,1
295,2013-11-15T01:00:00+01:00,2013-12-12T01:00:00+01:00,True,,pab,Parecís,,pab,iso639-3,en,1
296,2013-11-15T01:00:00+01:00,2013-12-12T01:00:00+01:00,True,,pare1272,Parecís,,pare1272,glottolog,en,1
297,2013-11-15T01:00:00+01:00,2013-12-12T01:00:00+01:00,True,,miq,Mískito,,miq,iso639-3,en,1
298,2013-11-15T01:00:00+01:00,2013-12-12T01:00:00+01:00,True,,misk1235,Mískito,,misk1235,glottolog,en,1
299,2013-11-15T01:00:00+01:00,2013-12-12T01:00:00+01:00,True,,ign,Ignaciano,,ign,iso639-3,en,1
300,2013-11-15T01:00:00+01:00,2013-12-12T01:00:00+01:00,True,,igna1246,Ignaciano,,igna1246,glottolog,en,1
301,2013-11-15T01:00:00+01:00,2013-12-12T01:00:00+01:00,True,,lao,Lao,,lao,iso639-3,en,1
302,2013-11-15T01:00:00+01:00,2013-12-12T01:00:00+01:00,True,,laoo1244,Lao,,laoo1244,glottolog,en,1
303,2013-11-15T01:00:00+01:00,2013-12-12T01:00:00+01:00,True,,mzp,Movima,,mzp,iso639-3,en,1
304,2013-11-15T01:00:00+01:00,2013-12-12T01:00:00+01:00,True,,movi1243,Movima,,movi1243,glottolog,en,1
305,2013-11-15T01:00:00+01:00,2013-12-12T01:00:00+01:00,True,,mav,Sateré-Mawé,,mav,iso639-3,en,1
306,2013-11-15T01:00:00+01:00,2013-12-12T01:00:00+01:00,True,,sate1243,Sateré-Mawé,,sate1243,glottolog,en,1
307,2013-11-15T01:00:00+01:00,2013-12-12T01:00:00+01:00,True,,snn,Siona-Tetete,,snn,iso639-3,en,1
308,2013-11-15T01:00:00+01:00,2013-12-12T01:00:00+01:00,True,,sion1247,Siona-Tetete,,sion1247,glottolog,en,1
309,2013-11-15T01:00:00+01:00,2013-12-12T01:00:00+01:00,True,,wyr,Wayoró,,wyr,iso639-3,en,1
310,2013-11-15T01:00:00+01:00,2013-12-12T01:00:00+01:00,True,,wayo1238,Wayoró,,wayo1238,glottolog,en,1
311,2013-11-15T01:00:00+01:00,2013-12-12T01:00:00+01:00,True,,kay,Kamayurá,,kay,iso639-3,en,1
312,2013-11-15T01:00:00+01:00,2013-12-12T01:00:00+01:00,True,,kama1373,Kamayurá,,kama1373,glottolog,en,1
313,2013-11-15T01:00:00+01:00,2013-12-12T01:00:00+01:00,True,,ure,Uru,,ure,iso639-3,en,1
314,2013-11-15T01:00:00+01:00,2013-12-12T01:00:00+01:00,True,,uruu1244,Uru,,uruu1244,glottolog,en,1
315,2013-11-15T01:00:00+01:00,2013-12-12T01:00:00+01:00,True,,sja,Epena,,sja,iso639-3,en,1
316,2013-11-15T01:00:00+01:00,2013-12-12T01:00:00+01:00,True,,epen1239,Epena,,epen1239,glottolog,en,1
317,2013-11-15T01:00:00+01:00,2013-12-12T01:00:00+01:00,True,,ura,Urarina,,ura,iso639-3,en,1
318,2013-11-15T01:00:00+01:00,2013-12-12T01:00:00+01:00,True,,urar1246,Urarina,,urar1246,glottolog,en,1
319,2013-11-15T01:00:00+01:00,2013-12-12T01:00:00+01:00,True,,tpj,Tapieté,,tpj,iso639-3,en,1
320,2013-11-15T01:00:00+01:00,2013-12-12T01:00:00+01:00,True,,tapi1253,Tapieté,,tapi1253,glottolog,en,1
321,2013-11-15T01:00:00+01:00,2013-12-12T01:00:00+01:00,True,,mpu,Makuráp,,mpu,iso639-3,en,1
322,2013-11-15T01:00:00+01:00,2013-12-12T01:00:00+01:00,True,,maku1278,Makuráp,,maku1278,glottolog,en,1
323,2013-11-15T01:00:00+01:00,2013-12-12T01:00:00+01:00,True,,tpy,Trumai,,tpy,iso639-3,en,1
324,2013-11-15T01:00:00+01:00,2013-12-12T01:00:00+01:00,True,,trum1247,Trumai,,trum1247,glottolog,en,1
325,2013-11-15T01:00:00+01:00,2013-12-12T01:00:00+01:00,True,,agr,Aguaruna,,agr,iso639-3,en,1
326,2013-11-15T01:00:00+01:00,2013-12-12T01:00:00+01:00,True,,agua1253,Aguaruna,,agua1253,glottolog,en,1
327,2013-11-15T01:00:00+01:00,2013-12-12T01:00:00+01:00,True,,ccc,Chamicuro,,ccc,iso639-3,en,1
328,2013-11-15T01:00:00+01:00,2013-12-12T01:00:00+01:00,True,,cham1318,Chamicuro,,cham1318,glottolog,en,1
