{"dc:identifier": "2e4cd688cfee", "url": "sailslanguage.csv-metadata.json", "dc:license": {"schema:name": "http://creativecommons.org/licenses/by-nc-nd/2.0/de/deed.en"}, "dc:publisher": {"schema:name": "Max Planck Institute for Evolutionary Anthropology", "schema:url": {"@id": "http://www.eva.mpg.de"}}, "@context": ["http://www.w3.org/ns/csvw", {"@language": "en"}], "tableSchema": {"primaryKey": "pk", "columns": [{"datatype": {"@id": "http://www.w3.org/2001/XMLSchema#int"}, "name": "pk"}, {"datatype": {"@id": "http://www.w3.org/2001/XMLSchema#int"}, "name": "family_pk"}, {"datatype": {"@id": "http://www.w3.org/2001/XMLSchema#int"}, "name": "representation"}], "foreignKeys": [{"columnReference": "pk", "reference": {"columnReference": "pk", "resource": "language"}}, {"columnReference": "family_pk", "reference": {"columnReference": "pk", "resource": "family"}}]}}